"Aggregate","Year","TotalCt","RawSpn","TotalRunMainAges","Total.Run","EnhSurplus","EffSpn","AgeComp","RunAge3","RunAge4","RunAge5","RunAge6","RunAge7","TotalSpnExp","ExpFactorLabel","SpnBaseCV","SpnAddCV","CtCV","SpnCVTotal","EffSpnSE","CtSE","RunSE","EffSpn_Lower","EffSpn_Upper","CT_Lower","CT_Upper","Run_Lower","Run_Upper","RecAge3","RecAge4","RecAge5","RecAge6","RecAge7","RecTotalNA","RecAgesUse","RecTotal","RpS","LogRpS","Spn","Rec","SpnExp","PercRecAge3","PercRecAge4","PercRecAge5","PercRecAge6","PercRecAge7","OddSpnVal","OddSpnFlag","OddRecVal","OddRecFlag","OddProdVal","OddProdFlag","OddExpVal","OddExpFlag","NumFlagsMain","NumFlagsAll"
"Nass",1982,570749,350009,NA,920758,0,350009,"NassAgg",0,0.083748635,0.846326656,0.069924709,0,1,"None",0.03,0.2,0.1,0.23,80502.07,57074.9,98681.9511577213,189004.86,511013.14,456599.2,684898.8,723394.097684557,1118121.90231544,0,87382.49003872,435434.412600096,32042.64641554,0,554859.549054356,554859.549054356,554859.549054356,1.58527223315502,0.46075614851465,350009,554859.549054356,1,0,0.1575,0.7848,0.0577,0,1.54,FALSE,0.9,FALSE,1.59,FALSE,1,FALSE,0,0
"Nass",1983,405941,209431,NA,615372,0,209431,"NassAgg",0.002315816,0.281427483,0.606468874,0.109787827,0,1,"None",0.03,0.2,0.1,0.23,48169.13,40594.1,62993.2221732378,113092.74,305769.26,324752.8,487129.2,489385.555653524,741358.444346476,0,72948.126765888,314538.04024004,192807.447633858,0,580293.614639786,580293.614639786,580293.614639786,2.77081050388809,1.01913987808164,209431,580293.614639786,1,0,0.1257,0.542,0.3323,0,0.92,FALSE,0.95,FALSE,2.77,FALSE,1,FALSE,0,0
"Nass",1984,341063,201972,NA,543035,0,201972,"NassAgg",0,0.106160824,0.728382647,0.165456529,0,1,"None",0.03,0.2,0.1,0.23,46453.56,34106.3,57629.6185686111,109064.88,294879.12,272850.4,409275.6,427775.762862778,658294.237137222,0,54559.31374556,278274.895357102,60927.069842496,0,393761.278945158,393761.278945158,393761.278945158,1.94958350140197,0.667615760737639,201972,393761.278945158,1,0,0.1386,0.7067,0.1547,0,0.89,FALSE,0.64,FALSE,1.95,FALSE,1,FALSE,0,0
"Nass",1985,434261,407046,NA,841307,0,407046,"NassAgg",0,0.364451672,0.491614693,0.143933635,0,1,"None",0.03,0.2,0.1,0.23,93620.58,43426.1,103201.933900225,219804.84,594287.16,347408.8,521113.2,634903.13219955,1047710.86780045,0,115380.02673552,308460.160427496,50807.646675045,0,474647.833838061,474647.833838061,474647.833838061,1.16607910122704,0.153646925444641,407046,474647.833838061,1,0,0.2431,0.6499,0.107,0,1.79,FALSE,0.77,FALSE,1.17,FALSE,1,FALSE,0,0
"Nass",1986,445184,213696,NA,658880,0,213696,"NassAgg",0,0.132622769,0.644000854,0.223376378,0,1,"None",0.03,0.2,0.1,0.23,49150.08,44518.4,66314.5406571319,115395.84,311996.16,356147.2,534220.8,526250.918685736,791509.081314264,219.630860202,89819.404479816,435505.284617585,84771.293857242,0,610315.613814845,610315.613814845,610315.613814845,2.85599924104731,1.04942177873756,213696,610315.613814845,1,4e-04,0.1472,0.7136,0.1389,0,0.94,FALSE,0.99,FALSE,2.86,FALSE,1,FALSE,0,0
"Nass",1987,352702,210162,NA,562864,0,210162,"NassAgg",0,0.129601692,0.773605014,0.096793294,0,1,"None",0.03,0.2,0.1,0.23,48337.26,35270.2,59837.0931141178,113487.48,306836.52,282161.6,423242.4,443189.813771764,682538.186228235,417.365709816,472684.067748373,827929.54790555,162854.946725016,0,1463885.92808876,1463885.92808876,1463885.92808876,6.96551197689761,1.94097111162252,210162,1463885.92808876,1,3e-04,0.3229,0.5656,0.1112,0,0.92,FALSE,2.39,FALSE,6.97,FALSE,1,FALSE,0,0
"Nass",1988,245346,155794,NA,401140,0,155794,"NassAgg",0,0.136010654,0.784110386,0.079878961,0,1,"None",0.03,0.2,0.1,0.23,35832.62,24534.6,43427.217884921,84128.76,227459.24,196276.8,294415.2,314285.564230158,487994.435769842,0,1046443.51036331,1299980.68686552,83713.7,0,2430137.89722883,2430137.89722883,2430137.89722883,15.5984049272041,2.74716866077163,155794,2430137.89722883,1,0,0.4306,0.5349,0.0344,0,0.68,FALSE,3.96,FALSE,15.6,TRUE,1,FALSE,1,1
"Nass",1989,459265,127417,NA,586682,0,127417,"NassAgg",0.000374361,0.19666536,0.474319811,0.328640469,0,1,"None",0.03,0.2,0.1,0.23,29305.91,45926.5,54480.0859321835,68805.18,186028.82,367412,551118,477721.828135633,695642.171864367,0,687746.366409466,614458.558,86485.798,0,1388690.72240947,1388690.72240947,1388690.72240947,10.8987868369956,2.38865148368266,127417,1388690.72240947,1,0,0.4952,0.4425,0.0623,0,0.56,FALSE,2.26,FALSE,10.9,FALSE,1,FALSE,0,0
"Nass",1990,282162,177462,NA,459624,0,177462,"NassAgg",0.000908059,0.195419309,0.671114129,0.132558504,0,1,"None",0.03,0.2,0.1,0.23,40816.26,28216.2,49619.7644374457,95829.48,259094.52,225729.6,338594.4,360384.471125109,558863.528874891,0,130593.372,508396.245,82259.034,0,721248.651,721248.651,721248.651,4.06424277310072,1.40222744596754,177462,721248.651,1,0,0.1811,0.7049,0.1141,0,0.78,FALSE,1.18,FALSE,4.06,FALSE,1,FALSE,0,0
"Nass",1991,650280,308717,NA,958997,0,308717,"NassAgg",0,0.492894209,0.454125805,0.052979985,0,1,"None",0.03,0.2,0.1,0.23,71004.91,65028,96282.5946270046,166707.18,450726.82,520224,780336,766431.810745991,1151562.18925401,8371.37,569170.049,826808.752,116118.856705278,0,1520469.02770528,1520469.02770528,1520469.02770528,4.92512245099971,1.59434913746212,308717,1520469.02770528,1,0.0055,0.3743,0.5438,0.0764,0,1.35,FALSE,2.48,FALSE,4.93,FALSE,1,FALSE,0,0
"Nass",1992,1287240,672838,NA,1960078,0,672838,"NassAgg",0,0.533878504,0.422396225,0.043248939,0,1,"None",0.03,0.2,0.1,0.23,154752.74,128724,201291.526680851,363332.52,982343.48,1029792,1544688,1557494.9466383,2362661.0533617,4674.908,137098.39,514397.970269706,53534.867606416,0,709706.135876122,709706.135876122,709706.135876122,1.05479496680646,0.0533464037814535,672838,709706.135876122,1,0.0066,0.1932,0.7248,0.0754,0,2.95,FALSE,1.16,FALSE,1.05,FALSE,1,FALSE,0,0
"Nass",1993,1612322,538260,NA,2150582,0,538260,"NassAgg",0,0.319795463,0.604478549,0.075725988,0,1,"None",0.03,0.2,0.1,0.23,123799.8,161232.2,203278.657996554,290660.4,785859.6,1289857.6,1934786.4,1744024.68400689,2557139.31599311,8436.824,359871.037843781,505526.814241782,48437.987151288,0,922272.663236851,922272.663236851,922272.663236851,1.71343340251338,0.538499195229605,538260,922272.663236851,1,0.0091,0.3902,0.5481,0.0525,0,2.36,FALSE,1.5,FALSE,1.71,FALSE,1,FALSE,0,0
"Nass",1994,527094,310043,NA,837137,0,310043,"NassAgg",0.01,0.156,0.734,0.1,0,1,"None",0.03,0.2,0.1,0.23,71309.89,52709.4,88675.7083996068,167423.22,452662.78,421675.2,632512.8,659785.583200786,1014488.41679921,4407.250901489,141187.486176862,494801.864413104,132082.624,0,772479.225491455,772479.225491455,772479.225491455,2.49152287099356,0.91289411830528,310043,772479.225491455,1,0.0057,0.1828,0.6405,0.171,0,1.36,FALSE,1.26,FALSE,2.49,FALSE,1,FALSE,0,0
"Nass",1995,904042,264685,NA,1168727,0,264685,"NassAgg",0.004,0.487,0.435,0.074,0,1,"None",0.03,0.2,0.1,0.23,60877.55,90404.2,108990.804527916,142929.9,386440.1,723233.6,1084850.4,950745.390944167,1386708.60905583,11846.089935768,290979.844145968,244759.744,129921.544440297,0,677507.222522033,677507.222522033,677507.222522033,2.55967365933858,0.939879773544745,264685,677507.222522033,1,0.0175,0.4295,0.3613,0.1918,0,1.16,FALSE,1.1,FALSE,2.56,FALSE,1,FALSE,0,0
"Nass",1996,836487,218116,NA,1054603,0,218116,"NassAgg",0.008,0.13,0.784,0.078,0,1,"None",0.03,0.2,0.1,0.23,50166.68,83648.7,97538.7143339115,117782.64,318449.36,669189.6,1003784.4,859525.571332177,1249680.42866782,8584.30428964,238499.904,286454.664632412,53824.344912,0,587363.217834052,587363.217834052,587363.217834052,2.69289377136043,0.990616366842911,218116,587363.217834052,1,0.0146,0.4061,0.4877,0.0916,0,0.96,FALSE,0.96,FALSE,2.69,FALSE,1,FALSE,0,0
"Nass",1997,744303,250456,NA,994759,0,250456,"NassAgg",0.004430471,0.361767059,0.517108134,0.116730642,0,1,"None",0.03,0.2,0.1,0.23,57604.88,74430.3,94117.9672427343,135246.24,365665.76,595442.4,893163.6,806523.065514531,1182994.93448547,10641.728,163962.390996711,656371.46016,149685.247645191,0,980660.826801902,980660.826801902,980660.826801902,3.91550143259456,1.3649434010866,250456,980660.826801902,1,0.0109,0.1672,0.6693,0.1526,0,1.1,FALSE,1.6,FALSE,3.92,FALSE,1,FALSE,0,0
"Nass",1998,445320,266458,NA,711778,0,266458,"NassAgg",0.016642956,0.198358879,0.710231019,0.075212872,0,1,"None",0.03,0.2,0.1,0.23,61285.34,44532,75756.1345563222,143887.32,389028.68,356256,534384,560265.730887356,863290.269112644,1772.39993058,673086.528036,830551.537938078,59534.31488337,0,1564944.78078803,1564944.78078803,1564944.78078803,5.87313865895574,1.77038918582336,266458,1564944.78078803,1,0.0011,0.4301,0.5307,0.038,0,1.17,FALSE,2.55,FALSE,5.87,FALSE,1,FALSE,0,0
"Nass",1999,631847,210957,NA,842804,0,210957,"NassAgg",0.01018541,0.345252092,0.587090076,0.057472422,0,1,"None",0.03,0.2,0.1,0.23,48520.11,63184.7,79664.9696447698,113916.78,307997.22,505477.6,758216.4,683474.06071046,1002133.93928954,21060,190815.055534917,653759.3961414,102548.74108626,0,968183.192762577,968183.192762577,968183.192762577,4.58948123438699,1.5237669968544,210957,968183.192762577,1,0.0218,0.1971,0.6752,0.1059,0,0.93,FALSE,1.58,FALSE,4.59,FALSE,1,FALSE,0,0
"Nass",2000,421577,204407,NA,625984,0,204407,"NassAgg",0.017,0.381,0.391,0.211,0,1,"None",0.03,0.2,0.1,0.23,47013.61,42157.7,63147.0600623822,110379.78,298434.22,337261.6,505892.4,499689.879875236,752278.120124764,5209.158881814,264568.57351659,416243.73234444,169728.345709356,0,855749.8104522,855749.8104522,855749.8104522,4.18649953500712,1.43186495159274,204407,855749.8104522,1,0.0061,0.3092,0.4864,0.1983,0,0.9,FALSE,1.39,FALSE,4.19,FALSE,1,FALSE,0,0
"Nass",2001,413358,168753,NA,582111,0,168753,"NassAgg",0.00304478,0.281668601,0.492096292,0.223190327,0,1,"None",0.03,0.2,0.1,0.23,38813.19,41335.8,56701.9583402205,91126.62,246379.38,330686.4,496029.6,468707.083319559,695514.916680441,7367.71545864,141809.54404526,400272.719983588,179121.171751357,0,728571.151238845,728571.151238845,728571.151238845,4.31738192055161,1.46264918163207,168753,728571.151238845,1,0.0101,0.1946,0.5494,0.2459,0,0.74,FALSE,1.19,FALSE,4.32,FALSE,1,FALSE,0,0
"Nass",2002,998502,405498,NA,1404000,0,405498,"NassAgg",0.015,0.479406359,0.46750104,0.038336428,0,1,"None",0.03,0.2,0.1,0.23,93264.54,99850.2,136632.122363124,218968.92,592027.08,798801.6,1198202.4,1130735.75527375,1677264.24472625,5657.98252404,199293.466252772,369757.794132628,42452.860234707,0,617162.103144147,617162.103144147,617162.103144147,1.52198556625223,0.420015775986005,405498,617162.103144147,1,0.0092,0.3229,0.5991,0.0688,0,1.78,FALSE,1.01,FALSE,1.52,FALSE,1,FALSE,0,0
"Nass",2003,912573,263688,NA,1176261,0,263688,"NassAgg",0.004428574,0.162221697,0.706094598,0.127255131,0,1,"None",0.03,0.2,0.1,0.23,60648.24,91257.3,109572.367950992,142391.52,384984.48,730058.4,1095087.6,957116.264098016,1395405.73590198,5874.852623956,47981.599539291,205565.816504412,73521.73915905,0,332944.007826709,332944.007826709,332944.007826709,1.26264376015105,0.233207745111318,263688,332944.007826709,1,0.0176,0.1441,0.6174,0.2208,0,1.16,FALSE,0.54,FALSE,1.26,FALSE,1,FALSE,0,0
"Nass",2004,769373,215857,NA,985230,0,215857,"NassAgg",0.007478168,0.268534833,0.66356018,0.060426819,0,1,"None",0.03,0.2,0.1,0.23,49647.11,76937.3,91565.1880500559,116562.78,315151.22,615498.4,923247.6,802099.623899888,1168360.37610011,5508.15842203,123792.988705272,382994.886760317,34708.404376301,0,547004.43826392,547004.43826392,547004.43826392,2.5341056267062,0.929840764813233,215857,547004.43826392,1,0.0101,0.2263,0.7002,0.0635,0,0.95,FALSE,0.89,FALSE,2.53,FALSE,1,FALSE,0,0
"Nass",2005,441701,224559,NA,666260,0,224559,"NassAgg",0.008492154,0.212844151,0.624746694,0.153917001,0,1,"None",0.03,0.2,0.1,0.23,51648.57,44170.1,67960.0803196619,121261.86,327856.14,353360.8,530041.2,530339.839360676,802180.160639324,8485.906058763,109599.986746809,322634.622840395,71306.535170304,0,512027.050816271,512027.050816271,512027.050816271,2.28014486534172,0.824238978378511,224559,512027.050816271,1,0.0166,0.2141,0.6301,0.1393,0,0.99,FALSE,0.83,FALSE,2.28,FALSE,1,FALSE,0,0
"Nass",2006,524530,250642,NA,775172,0,250642,"NassAgg",0.007578773,0.257095801,0.516366329,0.218955723,0,1,"None",0.03,0.2,0.1,0.23,57647.66,52453,77939.5272790104,135346.68,365937.32,419624,629436,619292.945441979,931051.054558021,9536.387333824,77857.418699735,390897.270597456,115787.956280031,0,594079.032911046,594079.032911046,594079.032911046,2.37022938258969,0.862986736366411,250642,594079.032911046,1,0.0161,0.1311,0.658,0.1949,0,1.1,FALSE,0.97,FALSE,2.37,FALSE,1,FALSE,0,0
"Nass",2007,437909,164747,NA,602657,0,164747,"NassAgg",0.00913979,0.079616763,0.613546004,0.297219101,0,1,"None",0.03,0.2,0.1,0.23,37891.81,43790.9,57908.8265110432,88963.38,240530.62,350327.2,525490.8,486839.346977914,718474.653022086,3898.554522668,86770.6031124,312168.410324443,102798.557511918,0,505636.125471429,505636.125471429,505636.125471429,3.0691674232091,1.12140632716661,164747,505636.125471429,1,0.0077,0.1716,0.6174,0.2033,0,0.72,FALSE,0.82,FALSE,3.07,FALSE,1,FALSE,0,0
"Nass",2008,162382,218105,NA,380487,0,218105,"NassAgg",0.022302749,0.325354056,0.540270276,0.111575061,0,1,"None",0.03,0.2,0.1,0.23,50164.15,16238.2,52726.8535422179,117776.7,318433.3,129905.6,194858.4,275033.292915564,485940.707084436,8161.59111984,42846.644423345,296518.548871674,92624.93068317,0,440151.715098029,440151.715098029,440151.715098029,2.0180725572455,0.702142876312551,218105,440151.715098029,1,0.0185,0.0973,0.6737,0.2104,0,0.96,FALSE,0.72,FALSE,2.02,FALSE,1,FALSE,0,0
"Nass",2009,330753,244900,NA,575653,0,244900,"NassAgg",0.016566208,0.190392453,0.665322489,0.12771885,0,1,"None",0.03,0.2,0.1,0.23,56327,33075.3,65320.0306115207,132246,357554,264602.4,396903.6,445012.938776959,706293.061223041,6375.988972181,101979.44581347,358086.07247911,131887.169322272,0,598328.676587033,598328.676587033,598328.676587033,2.44315506977147,0.893290265402963,244900,598328.676587033,1,0.0107,0.1704,0.5985,0.2204,0,1.07,FALSE,0.97,FALSE,2.44,FALSE,1,FALSE,0,0
"Nass",2010,210089,229010,NA,439099,0,229010,"NassAgg",0.008878532,0.177311765,0.734765105,0.079044599,0,1,"None",0.03,0.2,0.1,0.23,52672.3,21008.9,56707.5397676535,123665.4,334354.6,168071.2,252106.8,325683.920464693,552514.079535307,3276.447802938,69707.42222554,354496.723855456,53279.624233128,0,480760.218117062,480760.218117062,480760.218117062,2.09929792636593,0.741602968053599,229010,480760.218117062,1,0.0068,0.145,0.7374,0.1108,0,1,FALSE,0.78,FALSE,2.1,FALSE,1,FALSE,0,0
"Nass",2011,280436,276700,NA,557136,0,276700,"NassAgg",0.01464919,0.155744025,0.701619121,0.127987664,0,1,"None",0.03,0.2,0.1,0.23,63641,28043.6,69545.8149852311,149418,403982,224348.8,336523.2,418044.370029538,696227.629970462,31511.57461218,368484.75709716,281316.4160571,104380.665015282,0,785693.412781722,785693.412781722,785693.412781722,2.83951359877746,1.04363276946896,276700,785693.412781722,1,0.0401,0.469,0.358,0.1329,0,1.21,FALSE,1.28,FALSE,2.84,FALSE,1,FALSE,0,0
"Nass",2012,274151,203028,NA,477179,0,203028,"NassAgg",0.013361839,0.089791555,0.654195617,0.242650989,0,1,"None",0.03,0.2,0.1,0.23,46696.44,27415.1,54149.2863912684,109635.12,296420.88,219320.8,328981.2,368880.427217463,585477.572782537,14787.348855456,89083.531972632,204619.24053228,44455.878081359,0,352945.999441727,352945.999441727,352945.999441727,1.73841046280182,0.552971168580843,203028,352945.999441727,1,0.0419,0.2524,0.5797,0.126,0,0.89,FALSE,0.58,FALSE,1.74,FALSE,1,FALSE,0,0
"Nass",2013,294447,210126,NA,504573,0,210126,"NassAgg",0.006493506,0.20211039,0.587662338,0.203733766,0,1,"None",0.03,0.2,0.1,0.23,48328.98,29444.7,56592.2314980634,113468.04,306783.96,235557.6,353336.4,391388.537003873,617757.462996127,18754.42773714,36036.182026614,118194.070790126,28189.82515536,NA,201174.50570924,201174.50570924,201174.50570924,0.957399397072423,-0.0435346317790726,210126,201174.50570924,1,0.0932,0.1791,0.5875,0.1401,NA,0.92,FALSE,0.33,FALSE,0.96,FALSE,1,FALSE,0,0
"Nass",2014,291828,260102,NA,551930,0,260102,"NassAgg",0.057093426,0.126297578,0.648788927,0.167820069,0,1,"None",0.03,0.2,0.1,0.23,59823.46,29182.8,66561.8673281602,140455.08,379748.92,233462.4,350193.6,418806.26534368,685053.73465632,23609.912425824,93171.001805955,133067.31406603,NA,NA,NA,NA,249848.228297809,NA,NA,260102,NA,1,0.0945,0.3729,0.5326,NA,NA,1.14,FALSE,NA,FALSE,NA,FALSE,1,FALSE,0,0
"Nass",2015,480153,389503,NA,869656,0,389503,"NassAgg",0.017003676,0.423713235,0.407628676,0.151654412,0,1,"None",0.03,0.2,0.1,0.23,89585.69,48015.3,101641.846140584,210331.62,568674.38,384122.4,576183.6,666372.307718833,1072939.69228117,60428.049638809,191642.53848767,NA,NA,NA,NA,NA,252070.588126479,NA,NA,389503,NA,1,0.2397,0.7603,NA,NA,NA,1.71,FALSE,NA,FALSE,NA,FALSE,1,FALSE,0,0
"Nass",2016,166021,276413,NA,442434,0,276413,"NassAgg",0.04238921,0.201348748,0.63583815,0.120423892,0,1,"None",0.03,0.2,0.1,0.23,63574.99,16602.1,65706.9941323608,149263.02,403562.98,132816.8,199225.2,311020.011735278,573847.988264722,24835.32229094,NA,NA,NA,NA,NA,NA,24835.32229094,NA,NA,276413,NA,1,1,NA,NA,NA,NA,1.21,FALSE,NA,FALSE,NA,FALSE,1,FALSE,0,0
"Nass",2017,141888,226758,NA,368646,0,226758,"NassAgg",0.064044944,0.097752809,0.55505618,0.283146067,0,1,"None",0.03,0.2,0.1,0.23,52154.34,14188.8,54049.9512143684,122449.32,331066.68,113510.4,170265.6,260546.097571263,476745.902428737,NA,NA,NA,NA,NA,NA,NA,0,NA,NA,226758,NA,1,NA,NA,NA,NA,NA,1,FALSE,NA,FALSE,NA,FALSE,1,FALSE,0,0
"Nass",2018,92117,224132,NA,316249,0,224132,"NassAgg",0.191077441,0.294612795,0.373737374,0.140572391,0,1,"None",0.03,0.2,0.1,0.23,51550.36,9211.7,52366.9269006651,121031.28,327232.72,73693.6,110540.4,211515.14619867,420982.85380133,NA,NA,NA,NA,NA,NA,NA,0,NA,NA,224132,NA,1,NA,NA,NA,NA,NA,0.98,FALSE,NA,FALSE,NA,FALSE,1,FALSE,0,0
"Nass",2019,134076,243659,NA,377735,0,243659,"NassAgg",0.065748004,0.507346522,0.352276898,0.074628576,0,1,"None",0.03,0.2,0.1,0.23,56041.57,13407.6,57623.0969822423,131575.86,355742.14,107260.8,160891.2,262488.806035515,492981.193964485,NA,NA,NA,NA,NA,NA,NA,0,NA,NA,243659,NA,1,NA,NA,NA,NA,NA,1.07,FALSE,NA,FALSE,NA,FALSE,1,FALSE,0,0
"Skeena",1970,810078,678652,1488730,1547630.267,0,678652,"SkeenaAgg",0.107260761,0.598924729,0.29381451,0,0,1,"None",0.03,0.05,0.2,0.08,54292.16,162015.6,170870.39907727,570067.68,787236.32,486046.8,1134109.2,1205889.46884546,1889371.06515454,208349.999456767,832559.783785933,364350.663953408,0,0,1405260.44719611,1405260.44719611,1405260.44719611,2.07066426857374,0.72786945849165,678652,1405260.44719611,1,0.1483,0.5925,0.2593,0,0,0.83,FALSE,0.62,FALSE,2.07,FALSE,1,FALSE,0,0
"Skeena",1971,1169259,821850,1991109,1950072.706,0,821850,"SkeenaAgg",0.027998956,0.581431984,0.39056906,0,0,1,"None",0.03,0.05,0.2,0.08,65748,233851.8,242918.636311091,690354,953346,701555.4,1636962.6,1464235.43337782,2435909.97862218,256772.000646906,1127519.22081821,918877.070958832,0,0,2303168.29242395,2303168.29242395,2303168.29242395,2.80241928870712,1.03048307580178,821850,2303168.29242395,1,0.1115,0.4896,0.399,0,0,1,FALSE,1.02,FALSE,2.8,FALSE,1,FALSE,0,0
"Skeena",1972,1050252,697237,1747489,1922265.713,0,697237,"SkeenaAgg",0.13458077,0.220097511,0.645321719,0,0,1,"None",0.03,0.05,0.2,0.08,55778.96,210050.4,217330.308330066,585679.08,808794.92,630151.2,1470352.8,1487605.09633987,2356926.32966013,137396.000228379,544755.662559791,1291903.39204506,0,0,1974055.05483323,1974055.05483323,1974055.05483323,2.83125401381916,1.04071972793267,697237,1974055.05483323,1,0.0696,0.276,0.6544,0,0,0.85,FALSE,0.88,FALSE,2.83,FALSE,1,FALSE,0,0
"Skeena",1973,1631808,820196,2452004,2422071.401,34382.355,785813.645,"SkeenaAgg",0.086021411,0.47675435,0.437224239,0,0,1,"None",0.03,0.05,0.2,0.08,62865.0916,326361.6,332361.119411456,660083.4618,911543.8282,979084.8,2284531.2,1757349.16217709,3086793.63982291,255458.000481377,1129886.67955109,863533.74186711,0,0,2248878.42189958,2248878.42189958,2248878.42189958,2.86184699923297,1.05146722031775,785813.645,2248878.42189958,1,0.1136,0.5024,0.384,0,0,0.96,FALSE,1,FALSE,2.86,FALSE,1,FALSE,0,0
"Skeena",1974,1830945,723898,2554843,2719372.475,29780.355,694117.645,"SkeenaAgg",0.094423255,0.306158789,0.599417956,0,0,1,"None",0.03,0.05,0.2,0.08,55529.4116,366189,370375.349171138,583058.8218,805176.4682,1098567,2563323,1978621.77665772,3460123.17334228,47696.9994038511,263422.543842029,313467.397157449,0,0,624586.940403329,624586.940403329,624586.940403329,0.899828645622932,-0.105550927537315,694117.645,624586.940403329,1,0.0764,0.4218,0.5019,0,0,0.84,FALSE,0.28,FALSE,0.9,FALSE,1,FALSE,0,0
"Skeena",1975,696706,822633,1519339,1629265.885,133442.355,689190.645,"SkeenaAgg",0.084330005,0.692041263,0.223628732,0,0,1,"None",0.03,0.05,0.2,0.08,55135.2516,139341.2,149852.814409457,578920.1418,799461.1482,418023.6,975388.4,1329560.25618109,1928971.51381892,296273.99929086,2498755.15923677,1095404.46552467,0,0,3890433.6240523,3890433.6240523,3890433.6240523,5.64493098140109,1.73075797102575,689190.645,3890433.6240523,1,0.0762,0.6423,0.2816,0,0,0.84,FALSE,1.73,FALSE,5.64,FALSE,1,FALSE,0,0
"Skeena",1976,919078,575590,1494668,1719090.734,39682.555,535907.445,"SkeenaAgg",0.14860065,0.316885928,0.534513422,0,0,1,"None",0.03,0.05,0.2,0.08,42872.5956,183815.6,188749.130479696,450162.2538,621652.6362,551446.8,1286709.2,1341592.47304061,2096588.99495939,90508.9986057797,288606.571135609,411932.74756395,0,0,791048.317305339,791048.317305339,791048.317305339,1.47609130025305,0.389397580805249,535907.445,791048.317305339,1,0.1144,0.3648,0.5207,0,0,0.65,FALSE,0.35,FALSE,1.48,FALSE,1,FALSE,0,0
"Skeena",1977,1541097,951805,2492902,2469487.071,65463.755,886341.245,"SkeenaAgg",0.019314537,0.457539014,0.523146449,0,0,1,"None",0.03,0.05,0.2,0.08,70907.2996,308219.4,316270.522927642,744526.6458,1028155.8442,924658.2,2157535.8,1836946.02514472,3102028.11685528,233885.999339723,3182751.27427165,3021288.2525223,0,0,6437925.52613367,6437925.52613367,6437925.52613367,7.26348408409413,1.98285961511124,886341.245,6437925.52613367,1,0.0363,0.4944,0.4693,0,0,1.08,FALSE,2.86,FALSE,7.26,FALSE,1,FALSE,0,0
"Skeena",1978,758466,424075,1182541,1423230.285,125766.955,298308.045,"SkeenaAgg",0.208170106,0.185087787,0.606742107,0,0,1,"None",0.03,0.05,0.2,0.08,23864.6436,151693.2,153558.940281558,250578.7578,346037.3322,455079.6,1061852.4,1116112.40443688,1730348.16556312,155394.998164403,618161.648738459,1238673.8177529,0,0,2012230.46465576,2012230.46465576,2012230.46465576,6.74547836836167,1.90887240906655,298308.045,2012230.46465576,1,0.0772,0.3072,0.6156,0,0,0.36,FALSE,0.89,FALSE,6.75,FALSE,1,FALSE,0,0
"Skeena",1979,1758654,1166236,2924890,2902731.555,165164.355,1001071.645,"SkeenaAgg",0.03118063,0.860828882,0.107990488,0,0,1,"None",0.03,0.05,0.2,0.08,80085.7316,351730.8,360732.976139619,840900.1818,1161243.1082,1055192.4,2462115.6,2181265.60272076,3624197.50727924,60223.0017392392,729422.058461862,775823.546158097,0,0,1565468.6063592,1565468.6063592,1565468.6063592,1.56379277565014,0.447114136957316,1001071.645,1565468.6063592,1,0.0385,0.4659,0.4956,0,0,1.22,FALSE,0.7,FALSE,1.56,FALSE,1,FALSE,0,0
"Skeena",1980,934362,542164,1476526,1617897.036,84885.355,457278.645,"SkeenaAgg",0.144561733,0.178383769,0.677054498,0,0,1,"None",0.03,0.05,0.2,0.08,36582.2916,186872.4,190419.426373644,384114.0618,530443.2282,560617.2,1308106.8,1237058.18325271,1998735.88874729,353134.99978524,1432853.95413415,3458978.2171316,0,0,5244967.17105099,5244967.17105099,5244967.17105099,11.4699586967395,2.43973133015306,457278.645,5244967.17105099,1,0.0673,0.2732,0.6595,0,0,0.56,FALSE,2.33,FALSE,11.47,FALSE,1,FALSE,0,0
"Skeena",1981,2261455,1424509,3685964,3750079.02,538251.355,886257.645,"SkeenaAgg",0.041437793,0.848715789,0.109846418,0,0,1,"None",0.03,0.05,0.2,0.08,70900.6116,452291,457814.422453306,744456.4218,1028058.8682,1356873,3166037,2834450.17509339,4665707.86490661,120751.999707757,1799385.94879635,1151486.14669809,0,0,3071624.09520219,3071624.09520219,3071624.09520219,3.46583650085432,1.24295401789407,886257.645,3071624.09520219,1,0.0393,0.5858,0.3749,0,0,1.08,FALSE,1.37,FALSE,3.47,FALSE,1,FALSE,0,0
"Skeena",1982,2622392,1140737,3763129,3699672.903,395309.955,745427.045,"SkeenaAgg",0.016277926,0.167085487,0.816636587,0,0,1,"None",0.03,0.05,0.2,0.08,59634.1636,524478.4,527857.770175671,626158.7178,864695.3722,1573435.2,3671348.8,2643957.36264866,4755388.44335134,66714.0010720466,631493.657959479,1311529.42416209,0,0,2009737.08319361,2009737.08319361,2009737.08319361,2.69608823113416,0.991801919196364,745427.045,2009737.08319361,1,0.0332,0.3142,0.6526,0,0,0.91,FALSE,0.89,FALSE,2.7,FALSE,1,FALSE,0,0
"Skeena",1983,1153949,893724,2047673,2321230.876,299708.355,594015.645,"SkeenaAgg",0.152132648,0.31423934,0.533628012,0,0,1,"None",0.03,0.05,0.2,0.08,47521.2516,230789.8,235631.494367095,498973.1418,689058.1482,692369.4,1615528.6,1849967.88726581,2792493.86473419,88125.0003424356,1011882.95077421,1112026.24275036,0,0,2212034.19386701,2212034.19386701,2212034.19386701,3.72386520874718,1.31476216347167,594015.645,2212034.19386701,1,0.0398,0.4574,0.5027,0,0,0.72,FALSE,0.98,FALSE,3.72,FALSE,1,FALSE,0,0
"Skeena",1984,1302170,1055215,2357385,2329429.5,306474.755,748740.245,"SkeenaAgg",0.051837585,0.615109388,0.333053027,0,0,1,"None",0.03,0.05,0.2,0.08,59899.2196,260434,267233.577352639,628941.8058,868538.6842,781302,1823038,1794962.34529472,2863896.65470528,638641.0000637,2726551.25027307,1641711.68134887,0,0,5006903.93168564,5006903.93168564,5006903.93168564,6.68710405927979,1.90018090438037,748740.245,5006903.93168564,1,0.1276,0.5446,0.3279,0,0,0.91,FALSE,2.23,FALSE,6.69,FALSE,1,FALSE,0,0
"Skeena",1985,3042606,2294963,5337569,5325078.167,895769.355,1399193.645,"SkeenaAgg",0.012528267,0.337907894,0.649563839,0,0,1,"None",0.03,0.05,0.2,0.08,111935.4916,608521.2,618730.640205553,1175322.6618,1623064.6282,1825563.6,4259648.4,4087616.88658889,6562539.44741111,77631.000976562,882713.864091277,1683853.41087559,0,0,2644198.27594343,2644198.27594343,2644198.27594343,1.88980151917674,0.636471807248347,1399193.645,2644198.27594343,1,0.0294,0.3338,0.6368,0,0,1.7,FALSE,1.18,FALSE,1.89,FALSE,1,FALSE,0,0
"Skeena",1986,1029821,812943,1842764,1871104.805,181419.355,631523.645,"SkeenaAgg",0.047097843,0.337497748,0.615404409,0,0,1,"None",0.03,0.05,0.2,0.08,50521.8916,205964.2,212070.066752671,530479.8618,732567.4282,617892.6,1441749.4,1446964.67149466,2295244.93850534,122711.000559854,847865.449567039,2525501.26693615,0,0,3496077.71706304,3496077.71706304,3496077.71706304,5.53594112388783,1.71126158312295,631523.645,3496077.71706304,1,0.0351,0.2425,0.7224,0,0,0.77,FALSE,1.55,FALSE,5.54,FALSE,1,FALSE,0,0
"Skeena",1987,963688,1436754,2400442,2962053.375,543535.355,893218.645,"SkeenaAgg",0.215607526,0.341615367,0.442777107,0,0,1,"None",0.03,0.05,0.2,0.08,71457.4916,192737.6,205557.669668451,750303.6618,1036133.6282,578212.8,1349163.2,2550938.0356631,3373168.7143369,89631.0005573662,925815.160886563,1895225.51812753,0,0,2910671.67957146,2910671.67957146,2910671.67957146,3.25863291800348,1.18130775712101,893218.645,2910671.67957146,1,0.0308,0.3181,0.6511,0,0,1.09,FALSE,1.29,FALSE,3.26,FALSE,1,FALSE,0,0
"Skeena",1988,2500045,1502652,4002697,3916208.494,579258.355,923393.645,"SkeenaAgg",0.019823,0.696222189,0.283954811,0,0,1,"None",0.03,0.05,0.2,0.08,73871.4916,500009,505436.442445743,775650.6618,1071136.6282,1500027,3500063,2905335.60910851,4927081.37889149,416048.99917729,1614835.63840874,2810678.78757126,0,0,4841563.4251573,4841563.4251573,4841563.4251573,5.24322801155654,1.65693734140247,923393.645,4841563.4251573,1,0.0859,0.3335,0.5805,0,0,1.12,FALSE,2.15,FALSE,5.24,FALSE,1,FALSE,0,0
"Skeena",1989,1419620,1213319,2632939,2647136.546,516268.555,697050.445,"SkeenaAgg",0.046356128,0.333459891,0.620183981,0,0,1,"None",0.03,0.05,0.2,0.08,55764.0356,283924,289348.346189153,585522.3738,808578.5162,851772,1987468,2068439.85362169,3225833.23837831,258240.001463725,1553896.70510831,1868288.33259148,0,0,3680425.03916352,3680425.03916352,3680425.03916352,5.27999812002634,1.66392574166249,697050.445,3680425.03916352,1,0.0702,0.4222,0.5076,0,0,0.85,FALSE,1.64,FALSE,5.28,FALSE,1,FALSE,0,0
"Skeena",1990,1662274,1059699,2721973,2621349.861,270425.355,789273.645,"SkeenaAgg",0.034192689,0.323446123,0.642361188,0,0,1,"None",0.03,0.05,0.2,0.08,63141.8916,332454.8,338397.831727489,662989.8618,915557.4282,997364.4,2327183.6,1944554.19754502,3298145.52445498,90579.998320422,654232.040580645,2478356.66646291,0,0,3223168.70536398,3223168.70536398,3223168.70536398,4.08371510411193,1.40700713883681,789273.645,3223168.70536398,1,0.0281,0.203,0.7689,0,0,0.96,FALSE,1.43,FALSE,4.08,FALSE,1,FALSE,0,0
"Skeena",1991,2367627,1391927,3759554,3867365.427,310237.755,1081689.245,"SkeenaAgg",0.107579438,0.239391694,0.653028868,0,0,1,"None",0.03,0.05,0.2,0.08,86535.1396,473525.4,481367.463411012,908618.9658,1254759.5242,1420576.2,3314677.8,2904630.50017798,4830100.35382202,320804.00082787,2682909.8729272,2974680.6125134,0,0,5978394.48626847,5978394.48626847,5978394.48626847,5.5269057299987,1.70962811643621,1081689.245,5978394.48626847,1,0.0537,0.4488,0.4976,0,0,1.32,FALSE,2.66,FALSE,5.53,FALSE,1,FALSE,0,0
"Skeena",1992,2736339,1463130,4199469,3768301.158,0,1463130,"SkeenaAgg",0.068529555,0.428531471,0.502938974,0,0,1,"None",0.03,0.05,0.2,0.08,117050.4,547267.8,559645.281456924,1229029.2,1697230.8,1641803.4,3830874.6,2649010.59508615,4887591.72091385,542895.000609885,4022989.37400385,2583448.03779572,0,0,7149332.41240945,7149332.41240945,7149332.41240945,4.88632753918616,1.58644100685277,1463130,7149332.41240945,1,0.0759,0.5627,0.3614,0,0,1.78,FALSE,3.18,FALSE,4.89,FALSE,1,FALSE,0,0
"Skeena",1993,2975801,1777997,4753798,4455155.491,413728.355,1364268.645,"SkeenaAgg",0.020331501,0.348786189,0.63088231,0,0,1,"None",0.03,0.05,0.2,0.08,109141.4916,595160.2,605084.728656006,1145985.6618,1582551.6282,1785480.6,4166121.4,3244986.03368799,5665324.94831201,43475.9994827541,815478.931977419,868837.549850291,0,0,1727792.48131046,1727792.48131046,1727792.48131046,1.26646059604372,0.236226077495309,1364268.645,1727792.48131046,1,0.0252,0.472,0.5029,0,0,1.66,FALSE,0.77,FALSE,1.27,FALSE,1,FALSE,0,0
"Skeena",1994,1564157,1155786,2719943,2843324.374,274833.355,880952.645,"SkeenaAgg",0.112827085,0.230094057,0.657078858,0,0,1,"None",0.03,0.05,0.2,0.08,70476.2116,312831.4,320671.765560125,740000.2218,1021905.0682,938494.2,2189819.8,2201980.84287975,3484667.90512025,6348.00122686416,61123.505367093,92824.2005145412,0,0,160295.707108498,160295.707108498,160295.707108498,0.181957234612194,-1.70398359417448,880952.645,160295.707108498,1,0.0396,0.3813,0.5791,0,0,1.07,FALSE,0.07,TRUE,0.18,TRUE,1,FALSE,2,2
"Skeena",1995,3717953,1892062,5610015,5704161.54,845627.955,1046434.045,"SkeenaAgg",0.09517525,0.470342548,0.434482202,0,0,1,"None",0.03,0.05,0.2,0.08,83714.7236,743590.6,748288.136586292,879004.5978,1213863.4922,2230771.8,5205134.2,4207585.26682742,7200737.81317258,48627.0004826156,768584.375577249,495007.864997553,0,0,1312219.24105742,1312219.24105742,1312219.24105742,1.2539913502694,0.226331544475136,1046434.045,1312219.24105742,1,0.0371,0.5857,0.3772,0,0,1.27,FALSE,0.58,FALSE,1.25,FALSE,1,FALSE,0,0
"Skeena",1996,5359957,2126453,7486410,7041145.986,853221.755,1273231.245,"SkeenaAgg",0.006174563,0.571354348,0.422471089,0,0,1,"None",0.03,0.05,0.2,0.08,101858.4996,1071991.4,1076819.72289456,1069514.2458,1476948.2442,3215974.2,7503939.8,4887506.54021087,9194785.43178913,174686.99990821,4090792.5862436,3940128.88956912,0,0,8205608.47572094,8205608.47572094,8205608.47572094,6.44471183686742,1.86325992427714,1273231.245,8205608.47572094,1,0.0213,0.4985,0.4802,0,0,1.55,FALSE,3.65,FALSE,6.44,FALSE,1,FALSE,0,0
"Skeena",1997,2565649,1193807,3759456,3405274.971,232190.355,961616.645,"SkeenaAgg",0.001864167,0.239475208,0.758660625,0,0,1,"None",0.03,0.05,0.2,0.08,76929.3316,513129.8,518864.446371557,807757.9818,1115475.3082,1539389.4,3591908.6,2367546.07825689,4443003.86374312,17067.9977588428,335050.795737054,618347.970221672,0,0,970466.763717569,970466.763717569,970466.763717569,1.00920337513248,0.0091612821434984,961616.645,970466.763717569,1,0.0176,0.3452,0.6372,0,0,1.17,FALSE,0.43,FALSE,1.01,FALSE,1,FALSE,0,0
"Skeena",1998,416973,585899,1002872,978588.0557,122462.355,463436.645,"SkeenaAgg",0.049690981,0.062460915,0.887848104,0,0,1,"None",0.03,0.05,0.2,0.08,37074.9316,83394.6,91264.5049419799,389286.7818,537586.5082,250183.8,583762.2,796059.04581604,1161117.06558396,76335.0016938214,676005.12329784,1509495.03227179,0,0,2261835.15726345,2261835.15726345,2261835.15726345,4.8805703684987,1.58526209182598,463436.645,2261835.15726345,1,0.0337,0.2989,0.6674,0,0,0.56,FALSE,1.01,FALSE,4.88,FALSE,1,FALSE,0,0
"Skeena",1999,202496,725746,928242,1036095.576,9245.555,716500.445,"SkeenaAgg",0.168601241,0.741808375,0.089590384,0,0,1,"None",0.03,0.05,0.2,0.08,57320.0356,40499.2,70183.8420280998,601860.3738,831140.5162,121497.6,283494.4,895727.8919438,1176463.2600562,18398.0004804882,491810.088777478,343329.420554524,0,0,853537.50981249,853537.50981249,853537.50981249,1.19125886908904,0.175010621153972,716500.445,853537.50981249,1,0.0216,0.5762,0.4022,0,0,0.87,FALSE,0.38,FALSE,1.19,FALSE,1,FALSE,0,0
"Skeena",2000,3253909,1438336,4692245,4602868.449,369553.755,1068782.245,"SkeenaAgg",0.003708122,0.888748534,0.107543344,0,0,1,"None",0.03,0.05,0.2,0.08,85502.5796,650781.8,656374.620418473,897777.0858,1239787.4042,1952345.4,4555472.6,3290119.20816305,5915617.68983695,131654.998950729,1177129.4390439,470682.840797349,0,0,1779467.27879197,1779467.27879197,1779467.27879197,1.66494839067239,0.509794126358844,1068782.245,1779467.27879197,1,0.074,0.6615,0.2645,0,0,1.3,FALSE,0.79,FALSE,1.66,FALSE,1,FALSE,0,0
"Skeena",2001,2845777,1538898,4384675,4351514.687,76952.355,1461945.645,"SkeenaAgg",0.017542168,0.076996361,0.905461471,0,0,1,"None",0.03,0.05,0.2,0.08,116955.6516,569155.4,581047.755171931,1228034.3418,1695856.9482,1707466.2,3984087.8,3189419.17665614,5513610.19734386,18103.0004015804,595830.400543991,718853.750747352,0,0,1332787.15169292,1332787.15169292,1332787.15169292,0.91165301271712,-0.092495829816243,1461945.645,1332787.15169292,1,0.0136,0.4471,0.5394,0,0,1.78,FALSE,0.59,FALSE,0.91,FALSE,1,FALSE,0,0
"Skeena",2002,726667,645859,1372526,1312751.094,0,645859,"SkeenaAgg",0.014014843,0.514953007,0.47103215,0,0,1,"None",0.03,0.05,0.2,0.08,51668.72,145333.4,154244.785266791,542521.56,749196.44,436000.2,1017333.8,1004261.52346642,1621240.66453358,155249.000658659,2070298.79877076,1986476.18468991,0,0,4212023.98411933,4212023.98411933,4212023.98411933,6.52158440792701,1.87511735376783,645859,4212023.98411933,1,0.0369,0.4915,0.4716,0,0,0.79,FALSE,1.87,FALSE,6.52,FALSE,1,FALSE,0,0
"Skeena",2003,741849,1387199,2129048,2132960.12,293147.355,1094051.645,"SkeenaAgg",0.061724079,0.230576317,0.707699604,0,0,1,"None",0.03,0.05,0.2,0.08,87524.1316,148369.8,172261.635788048,919003.3818,1269099.9082,445109.4,1038588.6,1788436.8484239,2477483.3915761,28858.0004818869,130066.893225603,448762.01430783,0,0,607686.90801532,607686.90801532,607686.90801532,0.555446272388101,-0.587983393953428,1094051.645,607686.90801532,1,0.0475,0.214,0.7385,0,0,1.33,FALSE,0.27,FALSE,0.56,FALSE,1,FALSE,0,0
"Skeena",2004,620941,1013961,1634902,1538561.86,0,1013961,"SkeenaAgg",0.011766183,0.765084245,0.223149572,0,0,1,"None",0.03,0.05,0.2,0.08,81116.88,124188.2,148332.927026249,851727.24,1176194.76,372564.6,869317.4,1241896.0059475,1835227.7140525,48615.9990844838,1669627.03499749,747036.023675864,0,0,2465279.05775783,2465279.05775783,2465279.05775783,2.43133518720921,0.888440566211592,1013961,2465279.05775783,1,0.0197,0.6773,0.303,0,0,1.23,FALSE,1.1,FALSE,2.43,FALSE,1,FALSE,0,0
"Skeena",2005,328012,775582,1103594,1221762.242,0,775582,"SkeenaAgg",0.127069732,0.487681138,0.38524913,0,0,1,"None",0.03,0.05,0.2,0.08,62046.56,65602.4,90296.4589205668,651488.88,899675.12,196807.2,459216.8,1041169.32415887,1402355.15984113,20851.9996946837,221628.480949925,382671.199743077,0,0,625151.680387687,625151.680387687,625151.680387687,0.806042017978353,-0.215619406347518,775582,625151.680387687,1,0.0334,0.3545,0.6121,0,0,0.94,FALSE,0.28,FALSE,0.81,FALSE,1,FALSE,0,0
"Skeena",2006,1602319,1273096,2875415,2818010.55,306221.155,966874.845,"SkeenaAgg",0.010240558,0.734666802,0.25509264,0,0,1,"None",0.03,0.05,0.2,0.08,77349.9876,320463.8,329666.600813853,812174.8698,1121574.8202,961391.4,2243246.6,2158677.34837229,3477343.75162771,26746.9997742103,526172.90041581,996537.900381916,0,0,1549457.80057194,1549457.80057194,1549457.80057194,1.602542261374,0.471591281617211,966874.845,1549457.80057194,1,0.0173,0.3396,0.6432,0,0,1.18,FALSE,0.69,FALSE,1.6,FALSE,1,FALSE,0,0
"Skeena",2007,998508,1151358,2149866,2165159.077,205733.355,945624.645,"SkeenaAgg",0.022453777,0.060072673,0.91747355,0,0,1,"None",0.03,0.05,0.2,0.08,75649.9716,199701.6,213550.104766167,794324.7018,1096924.5882,599104.8,1397911.2,1738058.86746767,2592259.28653233,116593.999841113,872936.299228943,1876090.68408009,0,0,2865620.98315015,2865620.98315015,2865620.98315015,3.03040006233144,1.10869464457834,945624.645,2865620.98315015,1,0.0407,0.3046,0.6547,0,0,1.15,FALSE,1.27,FALSE,3.03,FALSE,1,FALSE,0,0
"Skeena",2008,1211696,939608,2151304,2139241.049,208638.355,730969.645,"SkeenaAgg",0.009747382,0.780476345,0.209776273,0,0,1,"None",0.03,0.05,0.2,0.08,58477.5716,242339.2,249294.833955445,614014.5018,847924.7882,727017.6,1696374.4,1640651.38108911,2637830.71691089,32163.0003891412,339052.533802552,220821.620152402,0,0,592037.154344096,592037.154344096,592037.154344096,0.809933980697784,-0.210802539948769,730969.645,592037.154344096,1,0.0543,0.5727,0.373,0,0,0.89,FALSE,0.26,FALSE,0.81,FALSE,1,FALSE,0,0
"Skeena",2009,218665,808958,1027623,995411.5044,32605.755,776352.245,"SkeenaAgg",0.026870294,0.22265011,0.750479596,0,0,1,"None",0.03,0.05,0.2,0.08,62108.1796,43733,75960.5243677652,652135.8858,900568.6042,131199,306131,843490.45566447,1147332.55313553,5379.99911735488,216021.1503475,491227.649523967,0,0,712628.798988822,712628.798988822,712628.798988822,0.917919415546769,-0.0856456748435585,776352.245,712628.798988822,1,0.0075,0.3031,0.6893,0,0,0.94,FALSE,0.32,FALSE,0.92,FALSE,1,FALSE,0,0
"Skeena",2010,228731,727947,956678,1025438.1,53854.355,674092.645,"SkeenaAgg",0.113701646,0.5131201,0.373178254,0,0,1,"None",0.03,0.05,0.2,0.08,53927.4116,45746.2,70716.9041765533,566237.8218,781947.4682,137238.6,320223.4,884004.291646893,1166871.90835311,323733.000260673,2718126.32984088,1088171.74666267,0,0,4130031.07676422,4130031.07676422,4130031.07676422,6.12680038478126,1.81267265361123,674092.645,4130031.07676422,1,0.0784,0.6581,0.2635,0,0,0.82,FALSE,1.84,FALSE,6.13,FALSE,1,FALSE,0,0
"Skeena",2011,892983,1038292,1931275,1901637.2,78071.555,960220.445,"SkeenaAgg",0.016913321,0.459044606,0.524042073,0,0,1,"None",0.03,0.05,0.2,0.08,76817.6356,178596.6,194416.292194699,806585.1738,1113855.7162,535789.8,1250176.2,1512804.6156106,2290469.7843894,165544.000635155,974418.091167555,1312428.77413369,0,0,2452390.8659364,2452390.8659364,2452390.8659364,2.55398734603739,0.937655803031666,960220.445,2452390.8659364,1,0.0675,0.3973,0.5352,0,0,1.17,FALSE,1.09,FALSE,2.55,FALSE,1,FALSE,0,0
"Skeena",2012,1029905,1230445,2260350,2220523.217,327332.155,903112.845,"SkeenaAgg",0.002422852,0.15269038,0.844886768,0,0,1,"None",0.03,0.05,0.2,0.08,72249.0276,205981,218284.434511821,758614.7898,1047610.9002,617943,1441867,1783954.34797636,2657092.08602364,21838.0001697768,337869.761895188,968728.008529827,0,0,1328435.77059479,1328435.77059479,1328435.77059479,1.47095213842827,0.385909904331487,903112.845,1328435.77059479,1,0.0164,0.2543,0.7292,0,0,1.1,FALSE,0.59,FALSE,1.47,FALSE,1,FALSE,0,0
"Skeena",2013,47712,432335,480047,760575.77,0,432335,"SkeenaAgg",0.425642011,0.284023182,0.290334808,0,0,1,"None",0.03,0.05,0.2,0.08,34586.8,9542.4,35879.0207781651,363161.4,501508.6,28627.2,66796.8,688817.72844367,832333.81155633,5434.99997112669,37947.9961493291,86816.7661082339,0,NA,130199.76222869,130199.76222869,130199.76222869,0.301154804095643,-1.20013084711876,432335,130199.76222869,1,0.0417,0.2915,0.6668,0,NA,0.53,FALSE,0.06,TRUE,0.3,FALSE,1,FALSE,1,1
"Skeena",2014,1628818,1646033,3274851,3374897.98,818891.555,827141.445,"SkeenaAgg",0.049051557,0.80539511,0.145553333,0,0,1,"None",0.03,0.05,0.2,0.08,66171.3156,325763.6,332416.254255406,694798.8138,959484.0762,977290.8,2280345.2,2710065.47148919,4039730.48851081,49212.0003208441,1649341.02772987,590092.800230578,NA,NA,2288645.82828129,2288645.82828129,2288645.82828129,2.76693404993301,1.01773986601876,827141.445,2288645.82828129,1,0.0215,0.7207,0.2578,NA,NA,1.01,FALSE,1.02,FALSE,2.77,FALSE,1,FALSE,0,0
"Skeena",2015,776947,1369348,2146295,2084427.838,385457.355,983890.645,"SkeenaAgg",0.010476736,0.46747509,0.522048174,0,0,1,"None",0.03,0.05,0.2,0.08,78711.2516,155389.4,174187.619424569,826468.1418,1141313.1482,466168.2,1087725.8,1736052.59915086,2432803.07684914,12682.9991619,132770.879661703,NA,NA,NA,NA,NA,145453.878823603,NA,NA,983890.645,NA,1,0.0872,0.9128,NA,NA,NA,1.2,FALSE,NA,FALSE,NA,FALSE,1,FALSE,0,0
"Skeena",2016,675657,1022181,1697838,1655733.536,0,1022181,"SkeenaAgg",0.003282533,0.204060469,0.792656998,0,0,1,"None",0.03,0.05,0.2,0.08,81774.48,135131.4,157947.968791088,858632.04,1185729.96,405394.2,945919.8,1339837.59841782,1971629.47358218,57491.0001077188,NA,NA,NA,NA,NA,NA,57491.0001077188,NA,NA,1022181,NA,1,1,NA,NA,NA,NA,1.24,FALSE,NA,FALSE,NA,FALSE,1,FALSE,0,0
"Skeena",2017,100231,953880,1054111,1055888.005,172394.755,781485.245,"SkeenaAgg",0.046607216,0.035939414,0.91745337,0,0,1,"None",0.03,0.05,0.2,0.08,62518.8196,20046.2,65654.039773782,656447.6058,906522.8842,60138.6,140323.4,924579.925452436,1187196.08454756,NA,NA,NA,NA,NA,NA,NA,0,NA,NA,781485.245,NA,1,NA,NA,NA,NA,NA,0.95,FALSE,NA,FALSE,NA,FALSE,1,FALSE,0,0
"Skeena",2018,495115,1280279,1775394,1748840.793,458915.355,821363.645,"SkeenaAgg",0.007252232,0.943105304,0.049642464,0,0,1,"None",0.03,0.05,0.2,0.08,65709.0916,99023,118841.235469416,689945.4618,952781.8282,297069,693161,1511158.32206117,1986523.26393883,NA,NA,NA,NA,NA,NA,NA,0,NA,NA,821363.645,NA,1,NA,NA,NA,NA,NA,1,FALSE,NA,FALSE,NA,FALSE,1,FALSE,0,0
"Skeena",2019,208516,529100,737616,780354.68,0,529100,"SkeenaAgg",0.07367291,0.17014171,0.75618538,0,0,1,"None",0.03,0.05,0.2,0.08,42328,41703.2,59420.6737949007,444444,613756,125109.6,291922.4,661513.332410199,899196.027589801,NA,NA,NA,NA,NA,NA,NA,0,NA,NA,529100,NA,1,NA,NA,NA,NA,NA,0.64,FALSE,NA,FALSE,NA,FALSE,1,FALSE,0,0
"SkeenaWild",1970,NA,NA,NA,NA,NA,NA,NA,NA,NA,NA,NA,NA,NA,NA,NA,NA,NA,NA,NA,NA,NA,NA,NA,NA,NA,NA,NA,NA,NA,NA,NA,NA,NA,NA,NA,1.74309188455104,0.555660481471455,454116,791565.914244779,NA,NA,NA,NA,NA,NA,NA,NA,NA,NA,NA,NA,NA,NA,NA,NA
"SkeenaWild",1971,NA,NA,NA,NA,NA,NA,NA,NA,NA,NA,NA,NA,NA,NA,NA,NA,NA,NA,NA,NA,NA,NA,NA,NA,NA,NA,NA,NA,NA,NA,NA,NA,NA,NA,NA,1.85991794727061,0.620532372381404,508606,945965.427489517,NA,NA,NA,NA,NA,NA,NA,NA,NA,NA,NA,NA,NA,NA,NA,NA
"SkeenaWild",1972,NA,NA,NA,NA,NA,NA,NA,NA,NA,NA,NA,NA,NA,NA,NA,NA,NA,NA,NA,NA,NA,NA,NA,NA,NA,NA,NA,NA,NA,NA,NA,NA,NA,NA,NA,1.62537759634703,0.48574015577146,413848,672659.267493024,NA,NA,NA,NA,NA,NA,NA,NA,NA,NA,NA,NA,NA,NA,NA,NA
"SkeenaWild",1973,NA,NA,NA,NA,NA,NA,NA,NA,NA,NA,NA,NA,NA,NA,NA,NA,NA,NA,NA,NA,NA,NA,NA,NA,NA,NA,NA,NA,NA,NA,NA,NA,NA,NA,NA,1.81029411679819,0.593489327545388,448321.645,811594.036376786,NA,NA,NA,NA,NA,NA,NA,NA,NA,NA,NA,NA,NA,NA,NA,NA
"SkeenaWild",1974,NA,NA,NA,NA,NA,NA,NA,NA,NA,NA,NA,NA,NA,NA,NA,NA,NA,NA,NA,NA,NA,NA,NA,NA,NA,NA,NA,NA,NA,NA,NA,NA,NA,NA,NA,0.536905508525475,-0.621933161733876,458709.645,246283.735214265,NA,NA,NA,NA,NA,NA,NA,NA,NA,NA,NA,NA,NA,NA,NA,NA
"SkeenaWild",1975,NA,NA,NA,NA,NA,NA,NA,NA,NA,NA,NA,NA,NA,NA,NA,NA,NA,NA,NA,NA,NA,NA,NA,NA,NA,NA,NA,NA,NA,NA,NA,NA,NA,NA,NA,7.70243083105859,2.04153597138457,223257.64503,1719626.56834861,NA,NA,NA,NA,NA,NA,NA,NA,NA,NA,NA,NA,NA,NA,NA,NA
"SkeenaWild",1976,NA,NA,NA,NA,NA,NA,NA,NA,NA,NA,NA,NA,NA,NA,NA,NA,NA,NA,NA,NA,NA,NA,NA,NA,NA,NA,NA,NA,NA,NA,NA,NA,NA,NA,NA,1.37615904465528,0.319296317610289,197644.445,271990.190612622,NA,NA,NA,NA,NA,NA,NA,NA,NA,NA,NA,NA,NA,NA,NA,NA
"SkeenaWild",1977,NA,NA,NA,NA,NA,NA,NA,NA,NA,NA,NA,NA,NA,NA,NA,NA,NA,NA,NA,NA,NA,NA,NA,NA,NA,NA,NA,NA,NA,NA,NA,NA,NA,NA,NA,4.97398500091669,1.60422132987942,294553.245,1465103.42260134,NA,NA,NA,NA,NA,NA,NA,NA,NA,NA,NA,NA,NA,NA,NA,NA
"SkeenaWild",1978,NA,NA,NA,NA,NA,NA,NA,NA,NA,NA,NA,NA,NA,NA,NA,NA,NA,NA,NA,NA,NA,NA,NA,NA,NA,NA,NA,NA,NA,NA,NA,NA,NA,NA,NA,4.95500450735507,1.60039807743947,127041.045,629488.950594098,NA,NA,NA,NA,NA,NA,NA,NA,NA,NA,NA,NA,NA,NA,NA,NA
"SkeenaWild",1979,NA,NA,NA,NA,NA,NA,NA,NA,NA,NA,NA,NA,NA,NA,NA,NA,NA,NA,NA,NA,NA,NA,NA,NA,NA,NA,NA,NA,NA,NA,NA,NA,NA,NA,NA,1.07220215611353,0.0697146233340426,448439.645,480817.954255787,NA,NA,NA,NA,NA,NA,NA,NA,NA,NA,NA,NA,NA,NA,NA,NA
"SkeenaWild",1980,NA,NA,NA,NA,NA,NA,NA,NA,NA,NA,NA,NA,NA,NA,NA,NA,NA,NA,NA,NA,NA,NA,NA,NA,NA,NA,NA,NA,NA,NA,NA,NA,NA,NA,NA,6.56015343201342,1.88101399170891,278415.645,1826449.34907298,NA,NA,NA,NA,NA,NA,NA,NA,NA,NA,NA,NA,NA,NA,NA,NA
"SkeenaWild",1981,NA,NA,NA,NA,NA,NA,NA,NA,NA,NA,NA,NA,NA,NA,NA,NA,NA,NA,NA,NA,NA,NA,NA,NA,NA,NA,NA,NA,NA,NA,NA,NA,NA,NA,NA,6.28821238509501,1.83867683081207,189050.645,1188790.6072992,NA,NA,NA,NA,NA,NA,NA,NA,NA,NA,NA,NA,NA,NA,NA,NA
"SkeenaWild",1982,NA,NA,NA,NA,NA,NA,NA,NA,NA,NA,NA,NA,NA,NA,NA,NA,NA,NA,NA,NA,NA,NA,NA,NA,NA,NA,NA,NA,NA,NA,NA,NA,NA,NA,NA,2.83401646382892,1.04169495064785,303954.045,861410.767777397,NA,NA,NA,NA,NA,NA,NA,NA,NA,NA,NA,NA,NA,NA,NA,NA
"SkeenaWild",1983,NA,NA,NA,NA,NA,NA,NA,NA,NA,NA,NA,NA,NA,NA,NA,NA,NA,NA,NA,NA,NA,NA,NA,NA,NA,NA,NA,NA,NA,NA,NA,NA,NA,NA,NA,4.49220276242584,1.50234317442067,166226.645,746723.793857779,NA,NA,NA,NA,NA,NA,NA,NA,NA,NA,NA,NA,NA,NA,NA,NA
"SkeenaWild",1984,NA,NA,NA,NA,NA,NA,NA,NA,NA,NA,NA,NA,NA,NA,NA,NA,NA,NA,NA,NA,NA,NA,NA,NA,NA,NA,NA,NA,NA,NA,NA,NA,NA,NA,NA,4.83664466930723,1.57622123017641,262345.245,1268870.73074735,NA,NA,NA,NA,NA,NA,NA,NA,NA,NA,NA,NA,NA,NA,NA,NA
"SkeenaWild",1985,NA,NA,NA,NA,NA,NA,NA,NA,NA,NA,NA,NA,NA,NA,NA,NA,NA,NA,NA,NA,NA,NA,NA,NA,NA,NA,NA,NA,NA,NA,NA,NA,NA,NA,NA,0.760946062770875,-0.273192800411731,880934.645,670343.749671208,NA,NA,NA,NA,NA,NA,NA,NA,NA,NA,NA,NA,NA,NA,NA,NA
"SkeenaWild",1986,NA,NA,NA,NA,NA,NA,NA,NA,NA,NA,NA,NA,NA,NA,NA,NA,NA,NA,NA,NA,NA,NA,NA,NA,NA,NA,NA,NA,NA,NA,NA,NA,NA,NA,NA,5.09726079769529,1.6287032969501,333111.645,1697956.92931429,NA,NA,NA,NA,NA,NA,NA,NA,NA,NA,NA,NA,NA,NA,NA,NA
"SkeenaWild",1987,NA,NA,NA,NA,NA,NA,NA,NA,NA,NA,NA,NA,NA,NA,NA,NA,NA,NA,NA,NA,NA,NA,NA,NA,NA,NA,NA,NA,NA,NA,NA,NA,NA,NA,NA,3.82416308591493,1.34133964227006,440589.645,1684886.65644536,NA,NA,NA,NA,NA,NA,NA,NA,NA,NA,NA,NA,NA,NA,NA,NA
"SkeenaWild",1988,NA,NA,NA,NA,NA,NA,NA,NA,NA,NA,NA,NA,NA,NA,NA,NA,NA,NA,NA,NA,NA,NA,NA,NA,NA,NA,NA,NA,NA,NA,NA,NA,NA,NA,NA,5.51069907122316,1.70669148829735,426640.645,2351088.20614755,NA,NA,NA,NA,NA,NA,NA,NA,NA,NA,NA,NA,NA,NA,NA,NA
"SkeenaWild",1989,NA,NA,NA,NA,NA,NA,NA,NA,NA,NA,NA,NA,NA,NA,NA,NA,NA,NA,NA,NA,NA,NA,NA,NA,NA,NA,NA,NA,NA,NA,NA,NA,NA,NA,NA,4.83829722695549,1.57656284621546,261679.445,1266082.93309475,NA,NA,NA,NA,NA,NA,NA,NA,NA,NA,NA,NA,NA,NA,NA,NA
"SkeenaWild",1990,NA,NA,NA,NA,NA,NA,NA,NA,NA,NA,NA,NA,NA,NA,NA,NA,NA,NA,NA,NA,NA,NA,NA,NA,NA,NA,NA,NA,NA,NA,NA,NA,NA,NA,NA,1.8438821002501,0.611873186132699,330640.645,609662.366930646,NA,NA,NA,NA,NA,NA,NA,NA,NA,NA,NA,NA,NA,NA,NA,NA
"SkeenaWild",1991,NA,NA,NA,NA,NA,NA,NA,NA,NA,NA,NA,NA,NA,NA,NA,NA,NA,NA,NA,NA,NA,NA,NA,NA,NA,NA,NA,NA,NA,NA,NA,NA,NA,NA,NA,0.982967037544813,-0.0171796919050174,752690.245,739869.70031653,NA,NA,NA,NA,NA,NA,NA,NA,NA,NA,NA,NA,NA,NA,NA,NA
"SkeenaWild",1992,NA,NA,NA,NA,NA,NA,NA,NA,NA,NA,NA,NA,NA,NA,NA,NA,NA,NA,NA,NA,NA,NA,NA,NA,NA,NA,NA,NA,NA,NA,NA,NA,NA,NA,NA,0.73623270025223,-0.306209041403125,946833,697089.41627792,NA,NA,NA,NA,NA,NA,NA,NA,NA,NA,NA,NA,NA,NA,NA,NA
"SkeenaWild",1993,NA,NA,NA,NA,NA,NA,NA,NA,NA,NA,NA,NA,NA,NA,NA,NA,NA,NA,NA,NA,NA,NA,NA,NA,NA,NA,NA,NA,NA,NA,NA,NA,NA,NA,NA,0.478189387897,-0.737748415971197,852146.645,407487.482571032,NA,NA,NA,NA,NA,NA,NA,NA,NA,NA,NA,NA,NA,NA,NA,NA
"SkeenaWild",1994,NA,NA,NA,NA,NA,NA,NA,NA,NA,NA,NA,NA,NA,NA,NA,NA,NA,NA,NA,NA,NA,NA,NA,NA,NA,NA,NA,NA,NA,NA,NA,NA,NA,NA,NA,0.232903172392785,-1.45713248091889,316329.645,73674.1778423836,NA,NA,NA,NA,NA,NA,NA,NA,NA,NA,NA,NA,NA,NA,NA,NA
"SkeenaWild",1995,NA,NA,NA,NA,NA,NA,NA,NA,NA,NA,NA,NA,NA,NA,NA,NA,NA,NA,NA,NA,NA,NA,NA,NA,NA,NA,NA,NA,NA,NA,NA,NA,NA,NA,NA,1.18359176513351,0.168553684045495,409385.045,484544.768030813,NA,NA,NA,NA,NA,NA,NA,NA,NA,NA,NA,NA,NA,NA,NA,NA
"SkeenaWild",1996,NA,NA,NA,NA,NA,NA,NA,NA,NA,NA,NA,NA,NA,NA,NA,NA,NA,NA,NA,NA,NA,NA,NA,NA,NA,NA,NA,NA,NA,NA,NA,NA,NA,NA,NA,2.75823094521506,1.01458951234657,690285.245,1903966.12378436,NA,NA,NA,NA,NA,NA,NA,NA,NA,NA,NA,NA,NA,NA,NA,NA
"SkeenaWild",1997,NA,NA,NA,NA,NA,NA,NA,NA,NA,NA,NA,NA,NA,NA,NA,NA,NA,NA,NA,NA,NA,NA,NA,NA,NA,NA,NA,NA,NA,NA,NA,NA,NA,NA,NA,0.640453082415978,-0.445579411825673,520484.645,333345.995240436,NA,NA,NA,NA,NA,NA,NA,NA,NA,NA,NA,NA,NA,NA,NA,NA
"SkeenaWild",1998,NA,NA,NA,NA,NA,NA,NA,NA,NA,NA,NA,NA,NA,NA,NA,NA,NA,NA,NA,NA,NA,NA,NA,NA,NA,NA,NA,NA,NA,NA,NA,NA,NA,NA,NA,3.03511473467797,1.11024922764468,243952.645,740424.267403164,NA,NA,NA,NA,NA,NA,NA,NA,NA,NA,NA,NA,NA,NA,NA,NA
"SkeenaWild",1999,NA,NA,NA,NA,NA,NA,NA,NA,NA,NA,NA,NA,NA,NA,NA,NA,NA,NA,NA,NA,NA,NA,NA,NA,NA,NA,NA,NA,NA,NA,NA,NA,NA,NA,NA,0.785109226660181,-0.241932428636844,384507.445,301880.342789032,NA,NA,NA,NA,NA,NA,NA,NA,NA,NA,NA,NA,NA,NA,NA,NA
"SkeenaWild",2000,NA,NA,NA,NA,NA,NA,NA,NA,NA,NA,NA,NA,NA,NA,NA,NA,NA,NA,NA,NA,NA,NA,NA,NA,NA,NA,NA,NA,NA,NA,NA,NA,NA,NA,NA,2.03251052568171,0.709271741113605,352038.245,715521.438405015,NA,NA,NA,NA,NA,NA,NA,NA,NA,NA,NA,NA,NA,NA,NA,NA
"SkeenaWild",2001,NA,NA,NA,NA,NA,NA,NA,NA,NA,NA,NA,NA,NA,NA,NA,NA,NA,NA,NA,NA,NA,NA,NA,NA,NA,NA,NA,NA,NA,NA,NA,NA,NA,NA,NA,0.356688294633583,-1.0308930028732,962418.64497,343283.465197913,NA,NA,NA,NA,NA,NA,NA,NA,NA,NA,NA,NA,NA,NA,NA,NA
"SkeenaWild",2002,NA,NA,NA,NA,NA,NA,NA,NA,NA,NA,NA,NA,NA,NA,NA,NA,NA,NA,NA,NA,NA,NA,NA,NA,NA,NA,NA,NA,NA,NA,NA,NA,NA,NA,NA,2.8337975321348,1.0416176962798,260240.00005,737467.469904451,NA,NA,NA,NA,NA,NA,NA,NA,NA,NA,NA,NA,NA,NA,NA,NA
"SkeenaWild",2003,NA,NA,NA,NA,NA,NA,NA,NA,NA,NA,NA,NA,NA,NA,NA,NA,NA,NA,NA,NA,NA,NA,NA,NA,NA,NA,NA,NA,NA,NA,NA,NA,NA,NA,NA,0.20381474263831,-1.59054382205463,486303.645,99115.852249747,NA,NA,NA,NA,NA,NA,NA,NA,NA,NA,NA,NA,NA,NA,NA,NA
"SkeenaWild",2004,NA,NA,NA,NA,NA,NA,NA,NA,NA,NA,NA,NA,NA,NA,NA,NA,NA,NA,NA,NA,NA,NA,NA,NA,NA,NA,NA,NA,NA,NA,NA,NA,NA,NA,NA,1.12452087450423,0.11735705561019,466497,524585.614393599,NA,NA,NA,NA,NA,NA,NA,NA,NA,NA,NA,NA,NA,NA,NA,NA
"SkeenaWild",2005,NA,NA,NA,NA,NA,NA,NA,NA,NA,NA,NA,NA,NA,NA,NA,NA,NA,NA,NA,NA,NA,NA,NA,NA,NA,NA,NA,NA,NA,NA,NA,NA,NA,NA,NA,0.632247654955318,-0.458474102485492,319191,201807.761232843,NA,NA,NA,NA,NA,NA,NA,NA,NA,NA,NA,NA,NA,NA,NA,NA
"SkeenaWild",2006,NA,NA,NA,NA,NA,NA,NA,NA,NA,NA,NA,NA,NA,NA,NA,NA,NA,NA,NA,NA,NA,NA,NA,NA,NA,NA,NA,NA,NA,NA,NA,NA,NA,NA,NA,1.31181258022547,0.271409829879895,330295.845,433286.244667201,NA,NA,NA,NA,NA,NA,NA,NA,NA,NA,NA,NA,NA,NA,NA,NA
"SkeenaWild",2007,NA,NA,NA,NA,NA,NA,NA,NA,NA,NA,NA,NA,NA,NA,NA,NA,NA,NA,NA,NA,NA,NA,NA,NA,NA,NA,NA,NA,NA,NA,NA,NA,NA,NA,NA,2.28582458301258,0.826726827088232,316943.645,724477.575170611,NA,NA,NA,NA,NA,NA,NA,NA,NA,NA,NA,NA,NA,NA,NA,NA
"SkeenaWild",2008,NA,NA,NA,NA,NA,NA,NA,NA,NA,NA,NA,NA,NA,NA,NA,NA,NA,NA,NA,NA,NA,NA,NA,NA,NA,NA,NA,NA,NA,NA,NA,NA,NA,NA,NA,0.955287769740496,-0.0457426543208441,233852.645,223396.571689966,NA,NA,NA,NA,NA,NA,NA,NA,NA,NA,NA,NA,NA,NA,NA,NA
"SkeenaWild",2009,NA,NA,NA,NA,NA,NA,NA,NA,NA,NA,NA,NA,NA,NA,NA,NA,NA,NA,NA,NA,NA,NA,NA,NA,NA,NA,NA,NA,NA,NA,NA,NA,NA,NA,NA,0.561094493016567,-0.577865950893644,328188.245,184144.616942272,NA,NA,NA,NA,NA,NA,NA,NA,NA,NA,NA,NA,NA,NA,NA,NA
"SkeenaWild",2010,NA,NA,NA,NA,NA,NA,NA,NA,NA,NA,NA,NA,NA,NA,NA,NA,NA,NA,NA,NA,NA,NA,NA,NA,NA,NA,NA,NA,NA,NA,NA,NA,NA,NA,NA,2.66202459163007,0.979086957958074,232992.645,620232.150658935,NA,NA,NA,NA,NA,NA,NA,NA,NA,NA,NA,NA,NA,NA,NA,NA
"SkeenaWild",2011,NA,NA,NA,NA,NA,NA,NA,NA,NA,NA,NA,NA,NA,NA,NA,NA,NA,NA,NA,NA,NA,NA,NA,NA,NA,NA,NA,NA,NA,NA,NA,NA,NA,NA,NA,1.24921499870785,0.222515353005242,460583.445,575367.747650531,NA,NA,NA,NA,NA,NA,NA,NA,NA,NA,NA,NA,NA,NA,NA,NA
"SkeenaWild",2012,NA,NA,NA,NA,NA,NA,NA,NA,NA,NA,NA,NA,NA,NA,NA,NA,NA,NA,NA,NA,NA,NA,NA,NA,NA,NA,NA,NA,NA,NA,NA,NA,NA,NA,NA,0.867609683483724,-0.14201333886104,455776.845,395436.40422966,NA,NA,NA,NA,NA,NA,NA,NA,NA,NA,NA,NA,NA,NA,NA,NA
"SkeenaWild",2013,NA,NA,NA,NA,NA,NA,NA,NA,NA,NA,NA,NA,NA,NA,NA,NA,NA,NA,NA,NA,NA,NA,NA,NA,NA,NA,NA,NA,NA,NA,NA,NA,NA,NA,NA,0.156467782249391,-1.85490515441602,181470,28394.2084447969,NA,NA,NA,NA,NA,NA,NA,NA,NA,NA,NA,NA,NA,NA,NA,NA
"SkeenaWild",2014,NA,NA,NA,NA,NA,NA,NA,NA,NA,NA,NA,NA,NA,NA,NA,NA,NA,NA,NA,NA,NA,NA,NA,NA,NA,NA,NA,NA,NA,NA,NA,NA,NA,NA,NA,1.66809335594293,0.511681271161086,323291.445,539280.311437689,NA,NA,NA,NA,NA,NA,NA,NA,NA,NA,NA,NA,NA,NA,NA,NA
"SkeenaWild",2015,NA,NA,NA,NA,NA,NA,NA,NA,NA,NA,NA,NA,NA,NA,NA,NA,NA,NA,NA,NA,NA,NA,NA,NA,NA,NA,NA,NA,NA,NA,NA,NA,NA,NA,NA,NA,NA,482704.64504,NA,NA,NA,NA,NA,NA,NA,NA,NA,NA,NA,NA,NA,NA,NA,NA,NA
"SkeenaWild",2016,NA,NA,NA,NA,NA,NA,NA,NA,NA,NA,NA,NA,NA,NA,NA,NA,NA,NA,NA,NA,NA,NA,NA,NA,NA,NA,NA,NA,NA,NA,NA,NA,NA,NA,NA,NA,NA,488499.99996,NA,NA,NA,NA,NA,NA,NA,NA,NA,NA,NA,NA,NA,NA,NA,NA,NA
"SkeenaWild",2017,NA,NA,NA,NA,NA,NA,NA,NA,NA,NA,NA,NA,NA,NA,NA,NA,NA,NA,NA,NA,NA,NA,NA,NA,NA,NA,NA,NA,NA,NA,NA,NA,NA,NA,NA,NA,NA,315992.24505,NA,NA,NA,NA,NA,NA,NA,NA,NA,NA,NA,NA,NA,NA,NA,NA,NA
"SkeenaWild",2018,NA,NA,NA,NA,NA,NA,NA,NA,NA,NA,NA,NA,NA,NA,NA,NA,NA,NA,NA,NA,NA,NA,NA,NA,NA,NA,NA,NA,NA,NA,NA,NA,NA,NA,NA,NA,NA,314067.645,NA,NA,NA,NA,NA,NA,NA,NA,NA,NA,NA,NA,NA,NA,NA,NA,NA
"SkeenaWild",2019,NA,NA,NA,NA,NA,NA,NA,NA,NA,NA,NA,NA,NA,NA,NA,NA,NA,NA,NA,NA,NA,NA,NA,NA,NA,NA,NA,NA,NA,NA,NA,NA,NA,NA,NA,NA,NA,184524.00004,NA,NA,NA,NA,NA,NA,NA,NA,NA,NA,NA,NA,NA,NA,NA,NA,NA
