"Stock","Model","ReportLabel","ReportSeq","ModelType","NumSRObs","FirstBY","LastBY","SpnContr","pD","DIC","max.Rhat","med.sigma","med.deviance","ln.alpha.num","ln.alpha.max.cv","ln.alpha.min.n.eff","ln.alpha.med.n.eff","ln.alpha.max.n.eff","beta.cv","beta.n.eff","sigma.cv","sigma.n.eff"
"Nass","NassAR197","AR197",5,"AR1",17,1997,2013,2.46133768748445,4.53347355478545,3.72861138250593,1.00260370090601,-1.46160374051908,-1.46160374051908,1,0.210068513045926,2300,2300,2300,0.60782484602328,2300,0.197429788695156,2200
"Nass","NassAR1AllYr","AR1",2,"AR1",32,1982,2013,5.28059835029863,5.17034784671116,21.1107232228951,1.00549795149936,15.2709565482078,15.2709565482078,1,0.154203510935077,2300,2300,2300,0.330330180039964,940,0.140223361323983,2300
"Nass","NassBasic97","BR97",4,"Basic",17,1997,2013,2.46133768748445,2.68187577743995,8.62970893241841,1.00469230175326,5.2615722577534,5.2615722577534,1,0.263113591517289,2300,2300,2300,0.710059117057491,2300,0.193255130843396,2300
"Nass","NassBasicAllYr","BR",1,"Basic",32,1982,2013,5.28059835029863,3.964255761886,32.5730741129398,1.00193613270865,27.8898971451288,27.8898971451288,1,0.153645712030864,2300,2300,2300,0.353360128574782,2300,0.138327295400117,1100
"Nass","NassKalman97","KF97",6,"Kalman",17,1997,2013,2.46133768748445,115.382148013831,91.7141089691771,1.00215635197222,-21.4964296440604,-21.4964296440604,17,0.584783367389367,1900,7200,7200,0.57635283730791,7200,0.433994289085957,2200
"Nass","NassKalmanAllYr","KF",3,"Kalman",32,1982,2013,5.28059835029863,407.663888091587,363.840695840402,1.00335587142513,-41.5094151399386,-41.5094151399386,32,0.374673835515845,600,3100,7200,0.242951919644998,1400,0.435662903151703,1800
"Skeena","SkeenaAR1AllYr","AR1",3,"AR1",45,1970,2014,4.90476212265747,3.8747441543738,181.464115787155,1.00148862027068,176.845897766959,176.845897766959,1,0.232307560626238,2300,2300,2300,0.535894986946693,1600,0.11356815280954,2300
"Skeena","SkeenaBasicAllYr","BR",1,"Basic",45,1970,2014,4.90476212265747,2.55054705938038,179.372842783698,1.00520161038017,176.231254653507,176.231254653507,1,0.148420092950568,1700,1700,1700,0.256325016796191,2300,0.106570578415644,2300
"Skeena","SkeenaBasicAllYrUP","Bru",2,"Basic",45,1970,2014,4.90476212265747,2.58981562982022,179.202370698995,1.00150413115635,175.914571392192,175.914571392192,1,0.227450298305288,1600,1600,1600,0.524332476149928,2300,0.111427361275968,2300
"Skeena","SkeenaKalmanAllYr","KF",4,"Kalman",45,1970,2014,4.90476212265747,8.97399848172526,179.611008077931,1.00161922473196,170.47782647045,170.47782647045,45,0.435064057330537,3100,7200,7200,0.53242327865267,3900,0.116075176274276,7200
"SkeenaWild","SkeenaWildAR198","AR198",5,"AR1",45,1970,2014,7.57565119973627,4.2023759673728,72.0405447862885,1.00396523657451,67.2128158942632,67.2128158942632,1,0.27479609677126,820,820,820,0.382121756709233,1400,0.114117740589004,1100
"SkeenaWild","SkeenaWildAR1AllYr","AR1",2,"AR1",45,1970,2014,7.57565119973627,4.2023759673728,72.0405447862885,1.00396523657451,67.2128158942632,67.2128158942632,1,0.27479609677126,820,820,820,0.382121756709233,1400,0.114117740589004,1100
"SkeenaWild","SkeenaWildBasic98","BR98",4,"Basic",45,1970,2014,7.57565119973627,3.25741940699533,70.8039093399419,1.00081921152409,66.9151090277165,66.9151090277165,1,0.26348571254667,2300,2300,2300,0.38259046983245,2300,0.11085768678049,2300
"SkeenaWild","SkeenaWildBasicAllYr","BR",1,"Basic",45,1970,2014,7.57565119973627,3.25741940699533,70.8039093399419,1.00081921152409,66.9151090277165,66.9151090277165,1,0.26348571254667,2300,2300,2300,0.38259046983245,2300,0.11085768678049,2300
"SkeenaWild","SkeenaWildKalman98","KF98",6,"Kalman",45,1970,2014,7.57565119973627,14.1415678382166,67.018814434144,1.00645719464499,52.6105824129554,52.6105824129554,45,0.833906563636681,3100,7200,7200,0.360173365985999,7200,0.122600770405816,2900
"SkeenaWild","SkeenaWildKalmanAllYr","KF",3,"Kalman",45,1970,2014,7.57565119973627,14.1415678382166,67.018814434144,1.00645719464499,52.6105824129554,52.6105824129554,45,0.833906563636681,3100,7200,7200,0.360173365985999,7200,0.122600770405816,2900
"Alastair","AlastairAR198","AR198",6,"AR1",16,1998,2013,80.3577231581338,3.6626068342528,-65.1314750281014,1.00121459032161,-69.4375671440395,-69.4375671440395,1,0.243247584915298,2300,2300,2300,0.224218114973684,2300,0.199741395419007,2300
"Alastair","AlastairAR1AllYr","AR1",4,"AR1",54,1960,2013,80.3577231581338,4.35474899196121,-279.710018338389,1.00184950424569,-284.715223978532,-284.715223978532,1,0.140227723822234,2300,2300,2300,0.151394523971888,2300,0.100808364840379,2300
"Alastair","AlastairAR1AllYrUP","AR1u",5,"AR1",54,1960,2013,80.3577231581338,4.63443396105194,-279.388605047759,1.00254796834174,-284.719491378218,-284.719491378218,1,0.139660790853571,2300,2300,2300,0.15357304943092,2300,0.101780787739953,1900
"Alastair","AlastairBasic98","BR98",3,"Basic",16,1998,2013,80.3577231581338,2.97549632286335,-66.4481989843378,1.00207967146802,-70.018087509224,-70.018087509224,1,0.230993015853029,1900,1900,1900,0.22524839003547,990,0.202632696084637,2300
"Alastair","AlastairBasicAllYr","BR",1,"Basic",54,1960,2013,80.3577231581338,2.6944744065765,-274.048929240924,1.00495581610735,-277.317823704976,-277.317823704976,1,0.131185828077368,340,340,340,0.162387941565929,430,0.0981927414085389,2300
"Alastair","AlastairBasicAllYrUP","BRu",2,"Basic",54,1960,2013,80.3577231581338,3.19501124666985,-273.428401683508,1.00175639514625,-277.282439623498,-277.282439623498,1,0.135961593075693,1700,1700,1700,0.172469371062748,2300,0.0996182971887119,1300
"Alastair","AlastairKalman98","KF98",9,"Kalman",16,1998,2013,80.3577231581338,99.8163149120797,22.0361629659486,1.00420458778409,-72.9959826381899,-72.9959826381899,16,1.05174482800937,3400,7200,7200,0.219285199072104,7200,0.346998614605626,7200
"Alastair","AlastairKalmanAllYr","KF",7,"Kalman",54,1960,2013,80.3577231581338,605.50288714874,291.445046236516,1.05491699653732,-307.407897582164,-307.407897582164,54,0.993706056831753,230,2100,7200,0.159744852808913,2000,0.27179483308127,120
"Alastair","AlastairKalmanAllYrUP","KFu",8,"Kalman",54,1960,2013,80.3577231581338,715.138767074202,400.632342165122,1.07925251276892,-306.0411970396,-306.0411970396,54,0.966758196180193,95,555,7200,0.159110981378232,1800,0.286621857929457,65
"Asitka","AsitkaBasic98","BR98",2,"Basic",16,1999,2014,54.9058117045455,3.80377575592338,-158.047453665515,1.00143688221661,-162.497504752394,-162.497504752394,1,0.350832487966586,2300,2300,2300,0.427253757823836,2300,0.206068175037325,2300
"Asitka","AsitkaBasicAllYr","BR",1,"Basic",20,1961,2014,54.9058117045455,3.49547998785113,-205.757145155673,1.00127141896513,-209.898751567771,-209.898751567771,1,0.291194119111935,2300,2300,2300,0.3905697179772,2300,0.174609269293779,2100
"Babine Early Wild","BabEWAR198","AR198",4,"AR1",17,1998,2014,26.5768506422215,6.38489184740481,-64.0767989049875,1.00667990806353,-70.8986827658559,-70.8986827658559,1,0.986146206150825,810,810,810,0.570284769485156,2300,0.208776141102468,2300
"Babine Early Wild","BabEWAR1AllYr","AR1",3,"AR1",55,1960,2014,26.5768506422215,4.82446341903467,-139.246827428956,1.00302690961145,-144.793472197144,-144.793472197144,1,0.20893244459284,2100,2100,2100,0.303357822446378,1000,0.102156721489897,2300
"Babine Early Wild","BabEWBasic98","BR98",2,"Basic",17,1998,2014,26.5768506422215,2.54538278855533,-64.3684361124546,1.00106245728304,-67.4584240994433,-67.4584240994433,1,1.13327714478051,2300,2300,2300,0.579018860984362,2300,0.193038284086354,2300
"Babine Early Wild","BabEWBasicAllYr","BR",1,"Basic",55,1960,2014,26.5768506422215,3.39350064553088,-140.782950559827,1.00530746768347,-144.874354730217,-144.874354730217,1,0.202399617655611,2300,2300,2300,0.317396261240964,2300,0.0979746871570699,2300
"Babine Early Wild","BabEWKalman98","KF98",6,"Kalman",17,1998,2014,26.5768506422215,10.9206704553368,-56.4957892161072,1.01765338402195,-67.5093815605845,-67.5093815605845,17,3.02077007670243,4200,7200,7200,0.578290610588229,7200,0.206843655005227,7200
"Babine Early Wild","BabEWKalmanAllYr","KF",5,"Kalman",55,1960,2014,26.5768506422215,14.6516174275291,-142.47776063204,1.00843042874111,-157.288765509406,-157.288765509406,55,0.823108142741093,1200,4900,7200,0.255279885071001,1900,0.108670706468836,7200
"Babine Late Wild","BabLWAR198","AR198",4,"AR1",17,1998,2014,15.5903394540832,6.91814142886695,-14.9329586086023,1.00430672442083,-22.1516195365413,-22.1516195365413,1,0.431877832667218,550,550,550,0.597905148520452,580,0.209324058010647,1100
"Babine Late Wild","BabLWAR1AllYr","AR1",3,"AR1",55,1960,2014,15.7478210004256,3.86790195805563,45.0694879263581,1.00150415405681,40.6545302145165,40.6545302145165,1,0.203189458304732,2300,2300,2300,0.40493818956056,2300,0.0995253604851723,1600
"Babine Late Wild","BabLWBasic98","BR98",2,"Basic",17,1998,2014,15.5903394540832,2.8846371217172,-15.1484937323783,1.00164082623385,-18.7272909773182,-18.7272909773182,1,0.492847357774181,1700,1700,1700,0.602981911664168,1400,0.198824215760242,2300
"Babine Late Wild","BabLWBasicAllYr","BR",1,"Basic",55,1960,2014,15.7478210004256,2.55739295636242,43.9775747372286,1.00335052558684,40.9514654667547,40.9514654667547,1,0.194456264677815,2300,2300,2300,0.421790202675297,2300,0.0973658702895659,2300
"Babine Late Wild","BabLWKalman98","KF98",6,"Kalman",17,1998,2014,15.5903394540832,11.8358690285061,-6.48610413317499,1.02257738029982,-18.4774789171719,-18.4774789171719,17,0.677806318068289,790,1500,3500,0.605488073862239,4000,0.207815632818645,7200
"Babine Late Wild","BabLWKalmanAllYr","KF",5,"Kalman",55,1960,2014,15.7478210004256,15.9869234577361,42.1319117241525,1.00280666008203,25.9013785344767,25.9013785344767,55,0.463176968923947,5000,7200,7200,0.298239386252419,7200,0.109420533368092,7200
"Babine Mid Wild","BabMWAR198","AR198",4,"AR1",17,1998,2014,13.7089814061175,4.72193874017261,-56.5812049362959,1.00542184564642,-61.7328965920016,-61.7328965920016,1,0.44883446279341,2300,2300,2300,0.471535627060837,2300,0.202345678301488,2300
"Babine Mid Wild","BabMWAR1AllYr","AR1",3,"AR1",55,1960,2014,21.4663087567742,4.54893975875586,-218.791768056155,1.00232323914265,-224.024924411403,-224.024924411403,1,0.141470359527103,2300,2300,2300,0.2188808248411,2300,0.102264666548842,860
"Babine Mid Wild","BabMWBasic98","BR98",2,"Basic",17,1998,2014,13.7089814061175,3.32132341121874,-58.0943537111961,1.00206770496115,-61.9708956798141,-61.9708956798141,1,0.459785700636714,2300,2300,2300,0.492745311586286,1100,0.195567286227057,2300
"Babine Mid Wild","BabMWBasicAllYr","BR",1,"Basic",55,1960,2014,21.4663087567742,3.61025655980447,-220.671677587636,1.00176449572162,-224.949298145413,-224.949298145413,1,0.143158154979977,2300,2300,2300,0.220187405077545,2300,0.0987858864537612,2300
"Babine Mid Wild","BabMWKalman98","KF98",6,"Kalman",17,1998,2014,13.7089814061175,34.1069215927988,-29.4666077982575,1.00320196169152,-62.6831061312595,-62.6831061312595,17,1.02065279155288,2100,7200,7200,0.504079363574096,7200,0.242953104726781,7200
"Babine Mid Wild","BabMWKalmanAllYr","KF",5,"Kalman",55,1960,2014,21.4663087567742,6.65189923679084,-218.437814334683,1.00655403837313,-225.428448193129,-225.428448193129,55,0.281668215847076,1600,7200,7200,0.225712936209158,6200,0.101525588571511,7200
"Bear","BearAR198","AR98",5,"AR1",17,1998,2014,61.6647077588832,5.32181580603358,-111.848951794971,1.00356615738802,-117.93240427572,-117.93240427572,1,0.149318061775507,1300,1300,1300,0.201976925552944,2300,0.211418607924356,1000
"Bear","BearAR1AllYr","AR1",4,"AR1",31,1984,2014,61.6647077588832,4.64642602610291,-214.799249380953,1.00581369196194,-220.014318388546,-220.014318388546,1,0.0950614437459013,2300,2300,2300,0.138070755497668,2300,0.137034534982764,820
"Bear","BearAR1AllYrUP","AR1u",6,"AR1",31,1984,2014,61.6647077588832,5.02843224639231,-214.211056991433,1.00224676706518,-219.857582692807,-219.857582692807,1,0.0975168821611597,2300,2300,2300,0.144147650713793,1400,0.142340886204214,2300
"Bear","BearBasic98","BR98",2,"Basic",17,1998,2014,61.6647077588832,4.05543137370353,-113.597879376296,1.0164581603692,-118.355336302314,-118.355336302314,1,0.141323952302771,2300,2300,2300,0.20361406385592,460,0.205199225348321,2300
"Bear","BearBasicAllYr","BR",1,"Basic",49,1960,2014,97.54843825,3.27143141511102,-343.274828845925,1.00279645661718,-347.21762388646,-347.21762388646,1,0.0867241952623634,1100,1100,1100,0.125280763449604,2300,0.105175249502285,2000
"Bear","BearBasicAllYrUP","BRu",3,"Basic",49,1960,2014,97.54843825,3.13767305382975,-343.458624473467,1.00463992699108,-347.253888504183,-347.253888504183,1,0.0840768464757751,370,370,370,0.123743680491647,2300,0.105506472615977,2300
"Bear","BearKalman98","KF98",8,"Kalman",17,1998,2014,61.6647077588832,48.1692884222583,-75.4883545849206,1.00919930518724,-121.663857836788,-121.663857836788,17,0.280731632019409,740,5500,7200,0.190501227044691,7200,0.280795986516806,800
"Bear","BearKalmanAllYr","KF",7,"Kalman",31,1984,2014,61.6647077588832,20.4256130270113,-204.183526224075,1.0018259053917,-224.051633786876,-224.051633786876,31,0.158637846960283,2100,7200,7200,0.13888034954904,7200,0.161059004996932,5200
"Bear","BearKalmanAllYrUP","KFu",9,"Kalman",31,1984,2014,61.6647077588832,17.9103147179316,-206.488121617002,1.00571796733818,-223.84160571515,-223.84160571515,31,0.160932673482716,1200,7200,7200,0.137878903578142,3300,0.159149720826678,5700
"Damdochax","DamdochaxAR197","AR97",5,"AR1",14,1997,2010,17.7083333340541,5.503543320232,-125.213927066538,1.00261255732843,-131.178530733229,-131.178530733229,1,0.102596668634684,740,740,740,0.222226189642754,2300,0.231130144666501,2300
"Damdochax","DamdochaxAR1AllYr","AR1",4,"AR1",29,1982,2010,32.4324324324324,4.11380291671572,-220.50950253621,1.00260027031476,-225.303675723455,-225.303675723455,1,0.0988659215476391,2300,2300,2300,0.155556133082544,1100,0.142558010168171,2300
"Damdochax","DamdochaxAR1AllYrUP","AR1u",6,"AR1",29,1982,2010,32.4324324324324,5.59893941578878,-218.175723514192,1.0013744203947,-224.542072121003,-224.542072121003,1,0.123527976024119,2300,2300,2300,0.270594936837145,2300,0.147880619625888,2300
"Damdochax","DamdochaxBasic97","BR97",2,"Basic",14,1997,2010,17.7083333340541,3.46603804508656,-126.187809941195,1.00085825081804,-130.283424360904,-130.283424360904,1,0.108750913288748,2300,2300,2300,0.22335559819628,2300,0.225265769037418,2300
"Damdochax","DamdochaxBasicAllYr","BR",1,"Basic",29,1982,2010,32.4324324324324,2.85700669842376,-214.348638427233,1.00342371098121,-217.840234603629,-217.840234603629,1,0.0843998394258418,2300,2300,2300,0.151790910347547,2300,0.138769794804689,1500
"Damdochax","DamdochaxBasicAllYrUP","BRu",3,"Basic",29,1982,2010,32.4324324324324,3.73592515567774,-212.832828618554,1.00291331431411,-217.276460967687,-217.276460967687,1,0.109778487058985,640,640,640,0.319680560010739,1200,0.142977206075339,2300
"Damdochax","DamdochaxKalman97","KF97",8,"Kalman",14,1997,2010,17.7083333340541,28.0253787549443,-104.792341561763,1.00175448147712,-131.621305465915,-131.621305465915,14,0.25188886857982,2100,7200,7200,0.250809784560303,5400,0.286705754022415,3900
"Damdochax","DamdochaxKalmanAllYr","KF",7,"Kalman",29,1982,2010,32.4324324324324,183.908575735096,-69.3486297831218,1.00195878846097,-248.588699276259,-248.588699276259,29,0.267117011338923,2300,7200,7200,0.148666331957008,7200,0.29676848433024,7200
"Damdochax","DamdochaxKalmanAllYrUP","KFu",9,"Kalman",29,1982,2010,32.4324324324324,195.324881014557,-57.6837622579139,1.00207533915653,-248.069901953055,-248.069901953055,29,0.268866460142482,1300,7200,7200,0.1702567526717,7100,0.298641559142723,7200
"Fulton","FultonAR1AllYr","AR1",2,"AR1",45,1970,2014,5.63825366221086,4.15513340394953,123.205339091356,1.00268236931467,118.531012688027,118.531012688027,1,0.215942733073046,2300,2300,2300,0.439797024436021,2300,0.112888128179295,2300
"Fulton","FultonBasicAllYr","BR",1,"Basic",45,1970,2014,5.63825366221086,3.07415250392873,121.682715655948,1.00152339694274,118.045932723937,118.045932723937,1,0.206063323548211,2200,2200,2200,0.436199672809878,2300,0.113494205307118,2300
"Fulton","FultonKalmanAllYr","KF",3,"Kalman",45,1970,2014,5.63825366221086,5.24702968129895,122.878760332505,1.00870635959673,117.314276818354,117.314276818354,45,0.291081315420821,700,2300,2300,0.467420153539767,1900,0.1099380228657,2300
"Johnston","JohnstonBasicAllYr","BR",1,"Basic",8,1970,1998,14.8916967549346,4.32808365618224,-65.600047322585,1.00082247553266,-70.7234670562252,-70.7234670562252,1,0.424292152507276,2300,2300,2300,0.255212762269629,2300,0.354758497837312,2300
"Johnston","JohnstonBasicAllYrUP","BRu",3,"Basic",8,1970,1998,14.8916967549346,2.8787755765108,-68.2018446994907,1.001507365568,-71.7437193688488,-71.7437193688488,1,0.977598806735017,2300,2300,2300,0.53881339075371,2300,0.304873026077774,2300
"Kitsumkalum","KitsumkalumAR190","AR190",6,"AR1",24,1990,2013,8.46669302076809,6.38142671648578,-140.756804882592,1.00185075573264,-147.454506800966,-147.454506800966,1,0.105711633939447,2300,2300,2300,0.151577358424536,2200,0.168295819184463,2300
"Kitsumkalum","KitsumkalumAR1AllYr","AR1",3,"AR1",54,1960,2013,82.6739586358334,5.88501879188207,-364.190150210618,1.00921321772611,-370.695011621123,-370.695011621123,1,0.1183729485072,350,350,350,0.224241245407276,330,0.101232561564517,2300
"Kitsumkalum","KitsumkalumBasic90","BR90",5,"Basic",24,1990,2013,8.46669302076809,3.78089162918228,-140.150599760091,1.00368479996143,-144.647841301527,-144.647841301527,1,0.0781106586636815,2300,2300,2300,0.107495438247348,2300,0.164350403683385,2300
"Kitsumkalum","KitsumkalumBasicAllYr","BR",1,"Basic",54,1960,2013,82.6739586358334,3.51533282686363,-333.154631983361,1.00298168271324,-337.350207896078,-337.350207896078,1,0.106908628301869,2300,2300,2300,0.233434245145975,1500,0.100107242677366,2300
"Kitsumkalum","KitsumkalumBasicAllYrNoInfill","BRni",2,"Basic",46,1960,2012,74.4328042258228,3.81193558271468,-292.035652645801,1.00575180450513,-296.601983724669,-296.601983724669,1,0.123771437867238,2000,2000,2000,0.33212123791686,580,0.113879324555488,2300
"Kitsumkalum","KitsumkalumKalman90","KF90",7,"Kalman",24,1990,2013,8.46669302076809,218.027261944959,53.5937318100742,1.00221731549737,-158.679170872073,-158.679170872073,24,0.240542914474496,1100,2800,7200,0.187818980072439,1300,0.390333683135473,7200
"Kitsumkalum","KitsumkalumKalmanAllYr","KF",4,"Kalman",54,1960,2013,82.6739586358334,759.516734969268,242.462970414251,1.00616540440366,-513.172837390915,-513.172837390915,54,0.744757900140791,770,6350,7200,0.203278569782353,5000,0.355594547362869,420
"Kitwanga","KitwangaBasic01","BR01",2,"Basic",14,2001,2014,94.1357466063348,2.89504735514211,-105.536746139125,1.00165253898044,-108.944620422388,-108.944620422388,1,0.499152096277393,2300,2300,2300,0.585147565098088,1400,0.217156844576069,2300
"Kitwanga","KitwangaBasicAllYr","BR",1,"Basic",17,1960,2014,94.1357466063348,3.18232706607014,-136.488000341905,1.00231770492338,-140.207963514552,-140.207963514552,1,0.396782909781462,1100,1100,1100,0.518659177023022,2300,0.195559703446831,980
"Kitwanga","KitwangaBasicAllYrUP","BRu",3,"Basic",17,1960,2014,94.1357466063348,3.2087497923239,-136.452713240946,1.00238118453705,-140.207822140722,-140.207822140722,1,0.375610688619979,2300,2300,2300,0.529309331498265,2300,0.198178228050205,830
"Kwinageese","KwinageeseBasic97","BR97",2,"Basic",8,2006,2013,96.0093457943925,3.38168931273688,-52.5277324333738,1.00086521306132,-56.4548859908354,-56.4548859908354,1,0.264534768258865,2300,2300,2300,0.67215500647576,2300,0.32558802710421,2300
"Kwinageese","KwinageeseBasicAllYr","BR",1,"Basic",23,1982,2013,233.644859813084,3.0653753734925,-137.735741099207,1.00162819357332,-141.340749244668,-141.340749244668,1,0.20245564789845,2300,2300,2300,0.428304130763867,1400,0.162910381768688,2100
"Kwinageese","KwinageeseBasicAllYrUP","BRu",3,"Basic",23,1982,2013,233.644859813084,3.22129270722101,-137.586093345454,1.00644083055362,-141.343682989222,-141.343682989222,1,0.204969997455302,1700,1700,1700,0.439475043934412,520,0.162715203067561,1200
"Lakelse","LakelseAR198","AR198",6,"AR1",17,1998,2014,10.9057121057651,4.79126107343032,-111.900564763825,1.00085093614369,-117.324481320302,-117.324481320302,1,0.337590074318339,2300,2300,2300,0.393408787654243,2300,0.200165026013033,2300
"Lakelse","LakelseAR1AllYr","AR1",4,"AR1",55,1960,2014,34.6852988295974,5.79570146230031,-344.5376420176,1.00269563814554,-350.769197943345,-350.769197943345,1,0.181543413054085,1200,1200,1200,0.159587226041586,1200,0.101319290128145,1900
"Lakelse","LakelseAR1AllYrUP","AR1u",5,"AR1",55,1960,2014,34.6852988295974,6.19155712969813,-344.128353365971,1.00628252457626,-350.732703301898,-350.732703301898,1,0.182477887550565,2300,2300,2300,0.158887668508099,2300,0.101934279333478,2300
"Lakelse","LakelseBasic98","BR98",3,"Basic",17,1998,2014,10.9057121057651,3.1235486340717,-102.873742097284,1.0028281882463,-106.567367074253,-106.567367074253,1,0.323854367083857,2300,2300,2300,0.400834910002129,670,0.201175474152491,1900
"Lakelse","LakelseBasicAllYr","BR",1,"Basic",55,1960,2014,34.6852988295974,3.30097043847474,-330.04361544893,1.0084785319244,-334.031350274976,-334.031350274976,1,0.161268859742534,2300,2300,2300,0.162628334145875,550,0.0987798996144739,2300
"Lakelse","LakelseBasicAllYrUP","BRu",2,"Basic",55,1960,2014,34.6852988295974,3.51977266743158,-329.744723825806,1.00164264323849,-333.96184949618,-333.96184949618,1,0.164765756241616,2300,2300,2300,0.162913876698133,2300,0.100244478912571,1400
"Lakelse","LakelseKalman98","KF98",9,"Kalman",17,1998,2014,10.9057121057651,123.62723590557,-32.3813038808297,1.00635514659947,-154.687086464612,-154.687086464612,17,0.777544972853116,440,1100,7200,0.298820882048431,600,0.469187602269402,7200
"Lakelse","LakelseKalmanAllYr","KF",7,"Kalman",55,1960,2014,34.6852988295974,942.178506242225,511.66035480402,1.00822996933494,-419.642802672102,-419.642802672102,55,10.88758137465,610,5300,7200,0.161780252172426,920,0.323736962791756,7200
"Lakelse","LakelseKalmanAllYrUP","KFu",8,"Kalman",55,1960,2014,34.6852988295974,916.103293314388,486.028498023074,1.00275731517473,-419.435569862615,-419.435569862615,55,9.3234961711433,1300,7200,7200,0.160732471788656,7200,0.32438345400093,4900
"Lower Nass Sea & River Type","LNassSRTAR197","AR197",4,"AR1",19,1997,2015,60.7452564045439,3.54023711206815,-78.8423039593419,1.00370760788829,-83.0581978852824,-83.0581978852824,1,0.269157814556956,2300,2300,2300,0.611175324789986,2300,0.188743161202814,1900
"Lower Nass Sea & River Type","LNassSRTAR1AllYr","AR1",3,"AR1",34,1982,2015,67.4272346143382,3.23709418487997,-174.839408156279,1.00286105905927,-178.638451043219,-178.638451043219,1,0.237249175815138,1700,1700,1700,0.614674669611531,1700,0.127364624492631,2300
"Lower Nass Sea & River Type","LNassSRTBasic97","BR97",2,"Basic",19,1997,2015,60.7452564045439,2.45780288620643,-79.024500016796,1.0013720102635,-82.0792507332879,-82.0792507332879,1,0.218768475443331,2300,2300,2300,0.612865865712533,2300,0.178145230974237,2300
"Lower Nass Sea & River Type","LNassSRTBasicAllYr","BR",1,"Basic",34,1982,2015,67.4272346143382,2.27866326774994,-171.004956486827,1.00107113311083,-173.816088817233,-173.816088817233,1,0.208777798490547,2300,2300,2300,0.617113200348505,2300,0.124006517057392,2300
"Lower Nass Sea & River Type","LNassSRTKalman97","KF97",6,"Kalman",19,1997,2015,60.7452564045439,133.302417820937,38.3708136987415,1.00600936675762,-91.0936354078217,-91.0936354078217,19,3.69579516677408,3200,7200,7200,0.685778186709573,7200,0.342988535703254,960
"Lower Nass Sea & River Type","LNassSRTKalmanAllYr","KF",5,"Kalman",34,1982,2015,67.4272346143382,441.311490962799,232.896897503418,1.01024773539031,-200.912348038452,-200.912348038452,34,4.66238269740367,940,6000,7200,0.638892019266463,7200,0.342541265359333,520
"Mcdonell","McdonellBasic98","BR98",2,"Basic",13,2002,2014,27.8755102012372,3.76586192978631,-115.756997066602,1.00293538948982,-120.266874772316,-120.266874772316,1,0.167468644765405,2300,2300,2300,0.176783561226949,2300,0.229249255580021,2300
"Mcdonell","McdonellBasicAllYr","BR",1,"Basic",42,1960,2014,50,3.20325203354146,-371.953169747397,1.00553499246018,-375.748028523726,-375.748028523726,1,0.100190374306833,570,570,570,0.126363966121339,760,0.117142570944571,1000
"Mcdonell","McdonellBasicAllYrUP","BRu",3,"Basic",42,1960,2014,50,3.36876505116689,-371.734193330042,1.00349602933449,-375.74133204763,-375.74133204763,1,0.0995248952721083,510,510,510,0.128447188225716,2100,0.11955281026708,2000
"Meziadin","MeziadinAR197","AR197",6,"AR1",17,1997,2013,3.18711891705334,5.02002453476665,-4.21589432358188,1.00340102795283,-10.0059264189978,-10.0059264189978,1,0.183188094479504,2300,2300,2300,0.278682139676826,2000,0.209553719095423,2300
"Meziadin","MeziadinAR1AllYr","AR1",4,"AR1",32,1982,2013,11.84236,4.73921432244891,6.62435979002259,1.00218262881062,1.19467717811867,1.19467717811867,1,0.117060589623778,2300,2300,2300,0.16318423746895,930,0.139432889429641,2300
"Meziadin","MeziadinAR1AllYrUP","AR1u",5,"AR1",32,1982,2013,11.84236,5.52124303323404,8.2505797137607,1.00328534453808,2.07952575017432,2.07952575017432,1,0.167997863161126,2300,2300,2300,0.307703700047978,2300,0.140158080791898,1200
"Meziadin","MeziadinBasic97","BR97",3,"Basic",17,1997,2013,3.18711891705334,3.23330203229357,-0.257954241238714,1.00200106045518,-4.16111359081473,-4.16111359081473,1,0.191518618582068,2300,2300,2300,0.317264571557772,2300,0.193555770752704,1300
"Meziadin","MeziadinBasicAllYr","BR",1,"Basic",32,1982,2013,11.84236,2.59716313854199,16.2784900014084,1.00128145839574,13.0520743824009,13.0520743824009,1,0.106351431770598,2300,2300,2300,0.168486050632853,2300,0.134622797139432,2300
"Meziadin","MeziadinBasicAllYrUP","BRu",2,"Basic",32,1982,2013,11.84236,3.99084650669052,18.6138557537568,1.00156857429984,13.9413750742236,13.9413750742236,1,0.168981681684432,2300,2300,2300,0.344845185017223,2300,0.138961551983772,2200
"Meziadin","MeziadinKalman97","KF97",9,"Kalman",17,1997,2013,3.18711891705334,89.4788299401599,46.9332476706419,1.00118335098258,-40.97681815355,-40.97681815355,17,0.397494075022402,4800,7200,7200,0.219657820293521,7200,0.405113536970654,7200
"Meziadin","MeziadinKalmanAllYr","KF",7,"Kalman",32,1982,2013,11.84236,385.591920123198,328.54351929027,1.00224617716626,-52.3521489737671,-52.3521489737671,32,0.420647183629652,1100,7200,7200,0.150389502154705,3600,0.405682561927354,7200
"Meziadin","MeziadinKalmanAllYrUP","KFu",8,"Kalman",32,1982,2013,11.84236,422.101430004467,362.225398085303,1.0173916497496,-55.9643054698571,-55.9643054698571,32,0.464796703511334,320,2250,7200,0.198445133578382,490,0.427674380295705,500
"Morice","MoriceAR198","AR198",4,"AR1",16,1998,2013,13.0771111098151,4.79936567834447,-91.9859350571823,1.00113209270998,-97.4267633290095,-97.4267633290095,1,0.169327897659672,2300,2300,2300,0.239406808130389,2300,0.212170209455429,2300
"Morice","MoriceAR1AllYr","AR1",3,"AR1",54,1960,2013,204.999999984895,4.57854468132358,-300.22601788998,1.0014539662358,-305.558092779449,-305.558092779449,1,0.118647370351371,1700,1700,1700,0.157574562719254,2300,0.1009396161037,2300
"Morice","MoriceBasic98","BR98",2,"Basic",16,1998,2013,13.0771111098151,3.72489579584094,-93.2548142106669,1.0013111936217,-97.7050952713792,-97.7050952713792,1,0.123545529154574,2300,2300,2300,0.161979353546708,2300,0.198999650278086,2300
"Morice","MoriceBasicAllYr","BR",1,"Basic",54,1960,2013,204.999999984895,3.37991213604722,-272.198554377582,1.00193200036059,-276.230231967162,-276.230231967162,1,0.116438919165285,2300,2300,2300,0.183843000727519,2300,0.103714064038363,2300
"Morice","MoriceKalman98","KF98",6,"Kalman",16,1998,2013,13.0771111098151,149.352816524936,36.8134918837594,1.00493497546411,-107.06673855551,-107.06673855551,16,0.517911063476977,2300,7200,7200,0.240624016186648,7200,0.463896990658253,3100
"Morice","MoriceKalmanAllYr","KF",5,"Kalman",54,1960,2013,204.999999984895,1309.1199412643,850.0552301578,1.00304669346732,-453.545228928462,-453.545228928462,54,7.93164656742931,860,7200,7200,0.15930563137718,7200,0.451216980446638,3200
"Motase","MotaseBasic98","BR98",2,"Basic",11,1998,2014,14.3820061637264,4.83683786828915,-131.904074279096,1.00218056833364,-137.632513500398,-137.632513500398,1,0.323663892006729,2300,2300,2300,0.352629064489993,2300,0.276189641174733,2300
"Motase","MotaseBasicAllYr","BR",1,"Basic",16,1987,2014,20.59428571,4.20358532834433,-189.314087695486,1.00217739290167,-194.301778427327,-194.301778427327,1,0.194775196968065,2300,2300,2300,0.243319542970653,2300,0.208115232510258,2300
"Pinkut","PinkutAR1AllYr","AR1",2,"AR1",45,1970,2014,10.8055347089115,3.49131714687257,31.2882685576008,1.00269849742016,27.0842646867452,27.0842646867452,1,0.200955507885761,2300,2300,2300,0.531418450443444,2300,0.11256303269256,2300
"Pinkut","PinkutBasicAllYr","BR",1,"Basic",45,1970,2014,10.8055347089115,2.37853623446964,30.5662831292153,1.00180169375249,27.555690257231,27.555690257231,1,0.185122332234751,1900,1900,1900,0.525041342632381,2300,0.106777806819591,1900
"Pinkut","PinkutKalmanAllYr","KF",3,"Kalman",45,1970,2014,10.8055347089115,18.2094021640521,33.7311632186887,1.01388500482327,15.7545321150615,15.7545321150615,45,0.478566214831449,700,2300,2300,0.535145908247347,2300,0.128566397498206,2300
"Slamgeesh","SlamgeeshBasic98","BR98",1,"Basic",14,2000,2013,10.2043010752688,4.13181104277997,-178.124158502285,1.0019379916071,-182.982725178595,-182.982725178595,1,0.264222343710486,1600,1600,1600,0.326702147982326,2000,0.227687096669779,1100
"Slamgeesh","SlamgeeshBasicAllYr","BR",1,"Basic",14,2000,2013,10.2043010752688,4.13181104277997,-178.124158502285,1.0019379916071,-182.982725178595,-182.982725178595,1,0.264222343710486,1600,1600,1600,0.326702147982326,2000,0.227687096669779,1100
"Slamgeesh","SlamgeeshBasicAllYrUP","BRu",2,"Basic",14,2000,2013,10.2043010752688,4.13181104277997,-178.124158502285,1.0019379916071,-182.982725178595,-182.982725178595,1,0.264222343710486,1600,1600,1600,0.326702147982326,2000,0.227687096669779,1100
"Sustut","SustutBasic00","BR00",2,"Basic",13,2001,2013,23.5471698105447,4.01342355495725,-136.075627482071,1.00208913140521,-140.789878751369,-140.789878751369,1,0.118340871584226,1400,1400,1400,0.182180850980552,2300,0.242504582903415,2300
"Sustut","SustutBasicAllYr","BR",1,"Basic",27,1960,2013,99.839999992,3.34541761870136,-246.502304373657,1.00328616511491,-250.471865640908,-250.471865640908,1,0.125794780336778,2300,2300,2300,0.194108247980099,2300,0.142856372682019,2300
"Sustut","SustutBasicAllYrUP","BRu",3,"Basic",27,1960,2013,99.839999992,3.66744605415358,-246.147369346182,1.00072950120469,-250.496200611401,-250.496200611401,1,0.125152896613797,2300,2300,2300,0.186262035077482,2300,0.150626898204338,2300
"Swan/Stephens","SwanStephensAR198","AR98",5,"AR1",17,1998,2014,7.3569424499797,3.34723558988729,-105.785221466906,1.00726982518999,-109.732874597651,-109.732874597651,1,0.405640680571992,2100,2100,2100,0.344178618740573,2300,0.196397189959066,2300
"Swan/Stephens","SwanStephensAR1AllYr","AR1",4,"AR1",36,1979,2014,30.77044492344,4.51767285229666,-167.45047916024,1.00215675882446,-172.635944682562,-172.635944682562,1,0.207110174765224,950,950,950,0.139737199457495,2300,0.127934587338097,1100
"Swan/Stephens","SwanStephensAR1AllYrUP","AR1u",6,"AR1",36,1979,2014,30.77044492344,3.80973057654519,-168.752506127327,1.00159232080648,-173.119935085788,-173.119935085788,1,0.373051308609516,2300,2300,2300,0.46123721452378,2300,0.126481301212567,2300
"Swan/Stephens","SwanStephensBasic98","BR98",2,"Basic",17,1998,2014,7.3569424499797,2.71204070589523,-106.477615321238,1.00226368281909,-109.655412775663,-109.655412775663,1,0.361325652962134,890,890,890,0.337909321842181,1000,0.194427288326092,2100
"Swan/Stephens","SwanStephensBasicAllYr","BR",1,"Basic",54,1960,2014,68.2079655664527,2.8514143182944,-229.182288224956,1.00148460416149,-232.654994971615,-232.654994971615,1,0.150268813184947,2300,2300,2300,0.148778960453975,1600,0.102133481889014,2300
"Swan/Stephens","SwanStephensBasicAllYrUP","BRu",3,"Basic",54,1960,2014,68.2079655664527,3.16310295580874,-228.486439798285,1.00256947359804,-232.256189652637,-232.256189652637,1,0.246927329580174,2300,2300,2300,0.382075749904637,1200,0.102245191163797,750
"Swan/Stephens","SwanStephensKalman98","KF98",8,"Kalman",17,1998,2014,7.3569424499797,26.7003219831809,-86.6081751147913,1.02656188625285,-112.157591309573,-112.157591309573,17,0.513305513590006,3700,7200,7200,0.344996512369588,7200,0.246527123401497,1200
"Swan/Stephens","SwanStephensKalmanAllYr","KF",7,"Kalman",36,1979,2014,30.77044492344,49.5056539206107,-138.524940381174,1.02567172290771,-186.778921505408,-186.778921505408,36,1.11518281339671,590,6650,7200,0.184374929072774,2200,0.168982916680761,1300
"Swan/Stephens","SwanStephensKalmanAllYrUP","KFu",9,"Kalman",36,1979,2014,30.77044492344,38.0870712907161,-147.399097145431,1.00155879808039,-184.898244560546,-184.898244560546,36,1.17732095936609,2400,7200,7200,0.324426099642286,7200,0.165565031052256,7200
