"Stock","Model","ReportLabel","ReportSeq","ModelType","NumSRObs","YrIdx","Year","median","mean","cv","p2.5","p25","p75","p97.5","Rhat","n.eff"
"Nass","NassAR197","AR197",5,"AR1",17,NA,NA,1.24337777732132,1.27633584504811,0.210068513045926,0.853081897156553,1.08948130290447,1.42633798680769,1.88660978322018,1.00071707413385,2300
"Nass","NassAR1AllYr","AR1",2,"AR1",32,NA,NA,1.6866992298212,1.68296102463908,0.154203510935077,1.16914434858144,1.50562610888244,1.85717591204514,2.19312710298499,1.0006797486905,2300
"Nass","NassBasic97","BR97",4,"Basic",17,NA,NA,1.36085208135231,1.44485116163775,0.263113591517289,0.925312918666986,1.16773472481028,1.64110238348374,2.42851346594798,1.0009191954612,2300
"Nass","NassBasicAllYr","BR",1,"Basic",32,NA,NA,1.73193270598202,1.73052176855168,0.153645712030864,1.20850119985578,1.55240648337996,1.91154562293076,2.25944369617034,1.00057880153901,2300
"Nass","NassKalman97","KF97",6,"Kalman",17,17,2013,0.616055131410493,0.664142377632837,0.584783367389367,0.0516036277021798,0.381754876210053,0.904180232210271,1.54636413732375,1.00097246743632,7200
"Nass","NassKalman97","KF97",6,"Kalman",17,2,1998,2.08335184656714,2.10925696416853,0.171974959005739,1.44411095463193,1.87226239439239,2.33357473104394,2.8964319869257,1.00141637671569,2700
"Nass","NassKalmanAllYr","KF",3,"Kalman",32,32,2013,0.741577652070693,0.769538509898946,0.374673835515845,0.282676101687812,0.573519749941558,0.939055605023665,1.41339190945179,1.00160430313852,2000
"Nass","NassKalmanAllYr","KF",3,"Kalman",32,7,1988,2.99448241887672,2.96063130645317,0.0936457836326664,2.31408856698919,2.80472564009773,3.15270956790458,3.4124699448884,1.00088467631971,7200
"Skeena","SkeenaAR1AllYr","AR1",3,"AR1",45,NA,NA,1.34519732109601,1.39882992475338,0.232307560626238,0.90096546441514,1.16035192300146,1.59781105447666,2.18047506697374,1.00083043340587,2300
"Skeena","SkeenaBasicAllYr","BR",1,"Basic",45,NA,NA,1.62827333768365,1.6603380661375,0.148420092950568,1.2728609081076,1.48767075779491,1.78995892402706,2.25338619026313,1.00520161038017,1700
"Skeena","SkeenaBasicAllYrUP","Bru",2,"Basic",45,NA,NA,1.33228165041406,1.38295673762139,0.227450298305288,0.904331689466895,1.15226899637746,1.55651550705531,2.15233667527123,1.00150413115635,1600
"Skeena","SkeenaKalmanAllYr","KF",4,"Kalman",45,44,2013,0.954393342841275,0.956980407367473,0.435064057330537,0.153196606006425,0.686240956545005,1.21033919515163,1.79597578685827,1.00087622311823,7200
"Skeena","SkeenaKalmanAllYr","KF",4,"Kalman",45,12,1981,1.59005190674492,1.62145500414802,0.216555029760347,1.02763556038846,1.36970385488619,1.84027024630769,2.40482571388485,1.00091507234581,7200
"SkeenaWild","SkeenaWildAR198","AR198",5,"AR1",45,NA,NA,1.19327735576358,1.19914865269818,0.27479609677126,0.566320429114295,0.973563567478582,1.42112865472064,1.83640374953057,1.00396523657451,820
"SkeenaWild","SkeenaWildAR1AllYr","AR1",2,"AR1",45,NA,NA,1.19327735576358,1.19914865269818,0.27479609677126,0.566320429114295,0.973563567478582,1.42112865472064,1.83640374953057,1.00396523657451,820
"SkeenaWild","SkeenaWildBasic98","BR98",4,"Basic",45,NA,NA,1.15770595789626,1.15968593314942,0.26348571254667,0.575620652444876,0.950441360427506,1.36806192828558,1.74381158230287,1.00056924502459,2300
"SkeenaWild","SkeenaWildBasicAllYr","BR",1,"Basic",45,NA,NA,1.15770595789626,1.15968593314942,0.26348571254667,0.575620652444876,0.950441360427506,1.36806192828558,1.74381158230287,1.00056924502459,2300
"SkeenaWild","SkeenaWildKalman98","KF98",6,"Kalman",45,44,2013,0.497421003916435,0.494956836491912,0.833906563636681,-0.33516457721901,0.223936406084698,0.77136130746931,1.29204133607697,1.00086291732963,7200
"SkeenaWild","SkeenaWildKalman98","KF98",6,"Kalman",45,14,1983,1.6563903454179,1.66005767300841,0.224675976734145,0.952337242897413,1.40449907037413,1.90982249270991,2.41004353727804,1.00104542312361,7200
"SkeenaWild","SkeenaWildKalmanAllYr","KF",3,"Kalman",45,44,2013,0.497421003916435,0.494956836491912,0.833906563636681,-0.33516457721901,0.223936406084698,0.77136130746931,1.29204133607697,1.00086291732963,7200
"SkeenaWild","SkeenaWildKalmanAllYr","KF",3,"Kalman",45,14,1983,1.6563903454179,1.66005767300841,0.224675976734145,0.952337242897413,1.40449907037413,1.90982249270991,2.41004353727804,1.00104542312361,7200
"Alastair","AlastairAR198","AR198",6,"AR1",16,NA,NA,1.6286952637336,1.64208987714218,0.243247584915298,0.873749445338017,1.38151506467754,1.89122544601863,2.46484292747798,1.00057375754411,2300
"Alastair","AlastairAR1AllYr","AR1",4,"AR1",54,NA,NA,1.43084276786068,1.43454813917334,0.140227723822234,1.06928189289124,1.29639995811868,1.56928118340292,1.83393275265618,1.00139819405414,2300
"Alastair","AlastairAR1AllYrUP","AR1u",5,"AR1",54,NA,NA,1.42431422402562,1.42223791015798,0.139660790853571,1.02542428238416,1.29589198066894,1.55061757428722,1.81161612984128,1.00091672769774,2300
"Alastair","AlastairBasic98","BR98",3,"Basic",16,NA,NA,1.62148765859111,1.63036486810228,0.230993015853029,0.922520677443918,1.37671057435664,1.87398896351469,2.38375960258195,1.00134330509473,1900
"Alastair","AlastairBasicAllYr","BR",1,"Basic",54,NA,NA,1.36837685196286,1.37026021302729,0.131185828077368,1.03643869953822,1.24356752648109,1.48524490144858,1.74043125714885,1.00495581610735,340
"Alastair","AlastairBasicAllYrUP","BRu",2,"Basic",54,NA,NA,1.36499143440479,1.36248873022768,0.135961593075693,0.995840735221587,1.24010431068182,1.480926999402,1.73199879793338,1.00146098734882,1700
"Alastair","AlastairKalman98","KF98",9,"Kalman",16,16,2013,0.997735167463247,0.85183185214036,1.05174482800937,-0.889415493532228,0.162170940850928,1.53301433523004,2.30361110448922,1.00108479154908,6700
"Alastair","AlastairKalman98","KF98",9,"Kalman",16,11,2008,1.94331792759457,2.02953248624933,0.306293846214209,0.992838155202971,1.57464702073065,2.42764457623667,3.32342327980392,1.00089085812391,7200
"Alastair","AlastairKalmanAllYr","KF",7,"Kalman",54,7,1966,0.557705235319427,0.571882719811446,0.86481216640463,-0.35252432312777,0.196602435044482,0.965185109640651,1.45736507144784,1.00293646305587,720
"Alastair","AlastairKalmanAllYr","KF",7,"Kalman",54,49,2008,2.18254854330537,2.19688964289609,0.233581529181778,1.26483750407022,1.81748458506742,2.54847758959318,3.23899133872579,1.00439394653675,430
"Alastair","AlastairKalmanAllYrUP","KFu",8,"Kalman",54,7,1966,0.58901469566734,0.594135347023704,0.838364006365078,-0.322655088618847,0.212469627030291,0.994967447438197,1.48266728781514,1.0051483434361,350
"Alastair","AlastairKalmanAllYrUP","KFu",8,"Kalman",54,49,2008,2.15821215115649,2.18629166786502,0.241956285479033,1.25176200903513,1.789465784258,2.55669229067973,3.23744411122856,1.01128872625634,150
"Asitka","AsitkaBasic98","BR98",2,"Basic",16,NA,NA,1.34846391605326,1.33670330451601,0.350832487966586,0.397865019982195,1.01693277018515,1.64400111053181,2.2666008821171,1.00079511953399,2300
"Asitka","AsitkaBasicAllYr","BR",1,"Basic",20,NA,NA,1.23941155176619,1.22714944776931,0.291194119111935,0.511700158937427,0.987226975057827,1.45672419784339,1.92276322488537,1.00057836147511,2300
"Babine Early Wild","BabEWAR198","AR198",4,"AR1",17,NA,NA,0.194616244518829,0.218025076195378,0.986146206150825,-0.169615574818225,0.0882394291188779,0.326804684775142,0.696681167151147,1.00242973626227,810
"Babine Early Wild","BabEWAR1AllYr","AR1",3,"AR1",55,NA,NA,1.12333189440373,1.12478580415149,0.20893244459284,0.653644680490268,0.971946074036699,1.28233533348621,1.59593768269601,1.00170315528626,2100
"Babine Early Wild","BabEWBasic98","BR98",2,"Basic",17,NA,NA,0.248248456146674,0.264358662765154,1.13327714478051,-0.265759245719301,0.0563531245969421,0.455743857434547,0.890162577871259,1.00099915546663,2300
"Babine Early Wild","BabEWBasicAllYr","BR",1,"Basic",55,NA,NA,1.08316766177724,1.08142820502277,0.202399617655611,0.651603714915312,0.937141749221626,1.22534052985124,1.50473696634242,1.00069684003642,2300
"Babine Early Wild","BabEWKalman98","KF98",6,"Kalman",17,16,2013,0.159094743254906,0.139041066275,3.02077007670243,-0.789436242673044,-0.0976928010789694,0.408267494737963,0.898182405088616,1.00089078749834,7200
"Babine Early Wild","BabEWKalman98","KF98",6,"Kalman",17,1,1998,0.363609184522348,0.392605759460605,1.15550684867785,-0.435790723071029,0.0895073920207551,0.66407454669614,1.38335656622217,1.00120757655307,4300
"Babine Early Wild","BabEWKalmanAllYr","KF",5,"Kalman",55,54,2013,0.46553707660776,0.449871393688438,0.813267458326975,-0.297327265528711,0.213034483190898,0.704092948492609,1.12626590185593,1.00086962852321,7200
"Babine Early Wild","BabEWKalmanAllYr","KF",5,"Kalman",55,6,1965,1.54985565696782,1.54787430789638,0.211139490737798,0.919093997415868,1.32889707713527,1.766374092151,2.19883976958267,1.0013517350256,3100
"Babine Late Wild","BabLWAR198","AR198",4,"AR1",17,NA,NA,0.453935189544383,0.490590397838589,0.431877832667218,0.171871780015639,0.34945887387587,0.599317206666314,1.00884741419456,1.0033220722887,550
"Babine Late Wild","BabLWAR1AllYr","AR1",3,"AR1",55,NA,NA,1.20351350602974,1.21082430291873,0.203189458304732,0.771913874306611,1.03392667249712,1.37605144605012,1.70724538717964,1.00062864268059,2300
"Babine Late Wild","BabLWBasic98","BR98",2,"Basic",17,NA,NA,0.571498572032214,0.594959558224523,0.492847357774181,0.0648795553220087,0.395821384351825,0.776121224366171,1.20875868116299,1.0014595627276,1700
"Babine Late Wild","BabLWBasicAllYr","BR",1,"Basic",55,NA,NA,1.13573515720978,1.14927738248466,0.194456264677815,0.755351620630266,0.987310169784317,1.30138834979838,1.61838451204773,1.00077689104547,2300
"Babine Late Wild","BabLWKalman98","KF98",6,"Kalman",17,11,2008,0.534672779148038,0.533870283604968,0.668199379764691,-0.1900799460461,0.320339649628519,0.758250951999785,1.25970547996809,1.00153119684158,2200
"Babine Late Wild","BabLWKalman98","KF98",6,"Kalman",17,1,1998,0.667534309573633,0.701185123240535,0.605881612901628,-0.0615472826254279,0.422078586511179,0.942581715526587,1.64444656966314,1.00181435146966,1600
"Babine Late Wild","BabLWKalmanAllYr","KF",5,"Kalman",55,54,2013,0.733264106470645,0.727329220441353,0.460254581406232,0.0576903957357901,0.505222641028909,0.948207236639932,1.36836678881558,1.00086044955132,7200
"Babine Late Wild","BabLWKalmanAllYr","KF",5,"Kalman",55,4,1963,1.82833370100819,1.82707566624848,0.214829721020254,1.07404717387448,1.55949295781182,2.0867469622531,2.61176054089502,1.00089710585239,7200
"Babine Mid Wild","BabMWAR198","AR198",4,"AR1",17,NA,NA,1.17528330924698,1.16458324145485,0.44883446279341,0.155373138404086,0.815449197307362,1.51868621411761,2.14830398354206,1.0006323745756,2300
"Babine Mid Wild","BabMWAR1AllYr","AR1",3,"AR1",55,NA,NA,1.45747228088848,1.4576990234711,0.141470359527103,1.04857967754727,1.32492988304592,1.59188574891615,1.86850633634807,1.00057499833983,2300
"Babine Mid Wild","BabMWBasic98","BR98",2,"Basic",17,NA,NA,1.1006501422794,1.1176497839491,0.459785700636714,0.157688896216917,0.759817772864059,1.45712210484144,2.15638692177894,1.00091825170448,2300
"Babine Mid Wild","BabMWBasicAllYr","BR",1,"Basic",55,NA,NA,1.44708242531015,1.44752318102231,0.143158154979977,1.03330468071971,1.31516488576575,1.58587808220534,1.84657367465277,1.00075025142615,2300
"Babine Mid Wild","BabMWKalman98","KF98",6,"Kalman",17,16,2013,0.859705353197986,0.774377702904041,1.02065279155288,-1.16099090894869,0.359182250316878,1.30063375977845,2.10342536761161,1.00095303510416,7200
"Babine Mid Wild","BabMWKalman98","KF98",6,"Kalman",17,1,1998,1.34620788993279,1.38952827727079,0.519584977162633,0.082002826100073,0.912447887882388,1.81572209157276,2.92792309324925,1.00087449361382,7200
"Babine Mid Wild","BabMWKalmanAllYr","KF",5,"Kalman",55,55,2014,1.29788777562123,1.27193811854654,0.281668215847076,0.483682902349937,1.06252791722133,1.50678129347653,1.91256302273284,1.00090231451399,7200
"Babine Mid Wild","BabMWKalmanAllYr","KF",5,"Kalman",55,4,1963,1.56133289412123,1.5728930706562,0.200324216370364,0.987453145692242,1.36404286832089,1.76505926597313,2.23786964168419,1.00093619640246,7200
"Bear","BearAR198","AR98",5,"AR1",17,NA,NA,2.03027779998561,2.02852317230973,0.149318061775507,1.40845043098025,1.84123234704406,2.22739801102008,2.61014173463102,1.00168649967079,1300
"Bear","BearAR1AllYr","AR1",4,"AR1",31,NA,NA,2.04510385071367,2.0449054160838,0.0950614437459013,1.66346484620065,1.91639073836256,2.17721716653172,2.42978166200154,1.00060330442908,2300
"Bear","BearAR1AllYrUP","AR1u",6,"AR1",31,NA,NA,2.03295289024306,2.03563142867347,0.0975168821611597,1.65775832116415,1.90496956121465,2.16989542732618,2.43377169565055,1.00103417207829,2300
"Bear","BearBasic98","BR98",2,"Basic",17,NA,NA,2.04563693128086,2.03982250354217,0.141323952302771,1.45427389354088,1.85558128959161,2.22305280265951,2.60861175679525,1.00254718254184,2300
"Bear","BearBasicAllYr","BR",1,"Basic",49,NA,NA,1.97335513472455,1.97027790251824,0.0867241952623634,1.63371938145529,1.85520969797219,2.07899896633365,2.31349779649676,1.00190979645231,1100
"Bear","BearBasicAllYrUP","BRu",3,"Basic",49,NA,NA,1.97215141699427,1.97280507196614,0.0840768464757751,1.66465607666495,1.85883964363373,2.08163188035535,2.30593712020749,1.00463992699108,370
"Bear","BearKalman98","KF98",8,"Kalman",17,4,2001,1.7394360743926,1.67757358470561,0.280731632019409,0.57492543740234,1.42729481800619,2.00077723461662,2.45052386312699,1.00113258971681,5500
"Bear","BearKalman98","KF98",8,"Kalman",17,10,2007,2.26229928176998,2.30586193891224,0.176429648522069,1.57597451108772,2.0345240906388,2.53841419718447,3.26281800854412,1.00290609665309,740
"Bear","BearKalmanAllYr","KF",7,"Kalman",31,17,2000,1.89658978895929,1.8741861811832,0.148613368993969,1.26094918668516,1.70552599207307,2.06612901791275,2.35575257460995,1.00087839430168,7200
"Bear","BearKalmanAllYr","KF",7,"Kalman",31,31,2014,2.30475592333672,2.33232006567541,0.150708409600512,1.69878262548403,2.09596474545741,2.55279768398445,3.08250556781648,1.00091847122003,7200
"Bear","BearKalmanAllYrUP","KFu",9,"Kalman",31,18,2001,1.89830274954793,1.87161859716504,0.160932673482716,1.1888645337932,1.70263320347581,2.07569576456225,2.39162033929928,1.00307051192695,1200
"Bear","BearKalmanAllYrUP","KFu",9,"Kalman",31,31,2014,2.30799341815637,2.32971865683772,0.151093350414877,1.68939594471669,2.09599320059873,2.5505257405294,3.0751431845136,1.0008618324942,7200
"Damdochax","DamdochaxAR197","AR97",5,"AR1",14,NA,NA,1.92062447553448,1.90209410036863,0.102596668634684,1.46165715719929,1.7880184115087,2.03309870768305,2.23449429797043,1.00261255732843,740
"Damdochax","DamdochaxAR1AllYr","AR1",4,"AR1",29,NA,NA,1.91235735375447,1.90896784336023,0.0988659215476391,1.53211690995153,1.78202838571866,2.03529078521738,2.28803231712362,1.00056962188247,2300
"Damdochax","DamdochaxAR1AllYrUP","AR1u",6,"AR1",29,NA,NA,1.82407981105001,1.824977366946,0.123527976024119,1.39048839079049,1.67776955588218,1.97644902772354,2.276356172549,1.00099229536959,2300
"Damdochax","DamdochaxBasic97","BR97",2,"Basic",14,NA,NA,1.8580344254912,1.8532370532702,0.108750913288748,1.45797356141901,1.72428493129765,1.98354722593602,2.23307103366679,1.00068171413109,2300
"Damdochax","DamdochaxBasicAllYr","BR",1,"Basic",29,NA,NA,1.87825075541985,1.88469712982306,0.0843998394258418,1.5863250516564,1.77840993466922,1.98327827070614,2.21702070137848,1.00106282074054,2300
"Damdochax","DamdochaxBasicAllYrUP","BRu",3,"Basic",29,NA,NA,1.78068151319913,1.77926357882215,0.109778487058985,1.38823613883699,1.6512460642332,1.9061640177481,2.15676013574465,1.00291331431411,640
"Damdochax","DamdochaxKalman97","KF97",8,"Kalman",14,1,1997,1.63139170573596,1.58154313659344,0.25188886857982,0.674331656138146,1.34648685101264,1.85915652647286,2.24749524576598,1.00105487733883,7200
"Damdochax","DamdochaxKalman97","KF97",8,"Kalman",14,6,2002,1.92968251969381,1.96796555895784,0.158879225508488,1.45070005756904,1.76508976244971,2.12142001967981,2.76237765725878,1.00086776675204,7200
"Damdochax","DamdochaxKalmanAllYr","KF",7,"Kalman",29,16,1997,1.20570803785022,1.20955745225112,0.267117011338923,0.610946264106715,0.975560953954953,1.43904944123057,1.84731174440712,1.00092142247066,7200
"Damdochax","DamdochaxKalmanAllYr","KF",7,"Kalman",29,3,1984,3.01394140399934,2.99598213699714,0.111676046700767,2.30669921521099,2.7723133143829,3.231127192337,3.60417521039512,1.00101020572128,7200
"Damdochax","DamdochaxKalmanAllYrUP","KFu",9,"Kalman",29,16,1997,1.20093739059066,1.2044623886605,0.268866460142482,0.587653308100823,0.976653716516817,1.43426238884788,1.8418535216495,1.00093607176924,7200
"Damdochax","DamdochaxKalmanAllYrUP","KFu",9,"Kalman",29,3,1984,2.99483555852332,2.98031732317035,0.116727210100715,2.26852310824234,2.75685814049279,3.22835401537322,3.61215027340345,1.00089454280253,7200
"Fulton","FultonAR1AllYr","AR1",2,"AR1",45,NA,NA,2.19715456465036,2.21013068739473,0.215942733073046,1.3616148538804,1.87220007970452,2.53310830432651,3.21139843547233,1.00079751009644,2300
"Fulton","FultonBasicAllYr","BR",1,"Basic",45,NA,NA,2.09323831382748,2.10145879328124,0.206063323548211,1.31955507181088,1.78039121192163,2.39343665708652,2.99139081123944,1.00126387284098,2200
"Fulton","FultonKalmanAllYr","KF",3,"Kalman",45,44,2013,1.79238911447786,1.79690588370751,0.289219124958101,0.817222428446253,1.43284788263264,2.16367014247121,2.79588272733985,1.00138268650571,2300
"Fulton","FultonKalmanAllYr","KF",3,"Kalman",45,16,1985,2.12050047647571,2.13523147333572,0.203628992234588,1.3706598959161,1.81035064127442,2.43354757659948,3.01770987411653,1.00089800725777,2300
"Johnston","JohnstonBasicAllYr","BR",1,"Basic",8,NA,NA,0.708106935322675,0.754694480281782,0.424292152507276,0.269957803473983,0.550279324222457,0.92586622462416,1.48709770465731,1.00067854231635,2300
"Johnston","JohnstonBasicAllYrUP","BRu",3,"Basic",8,NA,NA,0.298129831936959,0.34682207728242,0.977598806735017,-0.192463267924729,0.115557185249834,0.526857097968259,1.14516158328635,1.00076970977666,2300
"Kitsumkalum","KitsumkalumAR190","AR190",6,"AR1",24,NA,NA,1.65996783348301,1.65755775730303,0.105711633939447,1.29954822355106,1.54855957472207,1.77568419905178,1.99687524771706,1.00185075573264,2300
"Kitsumkalum","KitsumkalumAR1AllYr","AR1",3,"AR1",54,NA,NA,1.3184347397137,1.31519184569647,0.1183729485072,1.00992166022142,1.2107940122131,1.42026768771681,1.62536998478208,1.00482689337923,350
"Kitsumkalum","KitsumkalumBasic90","BR90",5,"Basic",24,NA,NA,1.80919646174091,1.80794240681668,0.0781106586636815,1.53049322624643,1.71219612041291,1.90705651179866,2.05962893193043,1.00244525083122,2300
"Kitsumkalum","KitsumkalumBasicAllYr","BR",1,"Basic",54,NA,NA,1.29256766990894,1.29016459619268,0.106908628301869,1.01263955532439,1.19866529719903,1.37995062757131,1.55183674364524,1.00081577924212,2300
"Kitsumkalum","KitsumkalumBasicAllYrNoInfill","BRni",2,"Basic",46,NA,NA,1.2684976409802,1.26820521040064,0.123771437867238,0.960196379701345,1.16477326854144,1.37457220579841,1.57670102916498,1.00201475904828,2000
"Kitsumkalum","KitsumkalumKalman90","KF90",7,"Kalman",24,12,2001,1.39464765859674,1.40776566656364,0.240542914474496,0.813692521887047,1.14111088070932,1.67901100084578,2.01486869706135,1.00137282132903,2900
"Kitsumkalum","KitsumkalumKalman90","KF90",7,"Kalman",24,1,1990,2.1151339168163,2.09633270268201,0.112636709242584,1.63484628509134,1.92020594354612,2.27829947629646,2.4988008969564,1.00088799878503,7200
"Kitsumkalum","KitsumkalumKalmanAllYr","KF",4,"Kalman",54,18,1977,-0.684534024763131,-0.66236967212963,-0.285929816316129,-0.972844703183823,-0.796884346663932,-0.554043746995997,-0.22312312633541,1.00250251993973,920
"Kitsumkalum","KitsumkalumKalmanAllYr","KF",4,"Kalman",54,29,1988,2.72435919304572,2.709567630268,0.0556061701803872,2.37333362431796,2.6208391966695,2.80901530535979,2.97883059309225,1.0015521714967,2200
"Kitwanga","KitwangaBasic01","BR01",2,"Basic",14,NA,NA,0.990836106905857,0.985039384261299,0.499152096277393,0.0308096086174175,0.669104628480609,1.28644049880521,1.97223145098615,1.00102522485229,2300
"Kitwanga","KitwangaBasicAllYr","BR",1,"Basic",17,NA,NA,1.04705336869178,1.05123466824075,0.396782909781462,0.269855737914381,0.764039751087251,1.3145323734551,1.89856782927307,1.00196069941575,1100
"Kitwanga","KitwangaBasicAllYrUP","BRu",3,"Basic",17,NA,NA,1.07207178661182,1.06942644325104,0.375610688619979,0.269626200748092,0.813300042613613,1.32680366742752,1.87700731695859,1.00060878588266,2300
"Kwinageese","KwinageeseBasic97","BR97",2,"Basic",8,NA,NA,1.87765643719682,1.90346971997536,0.264534768258865,0.998707076221085,1.57839572162942,2.1953302583816,2.95890234572625,1.00068167420838,2300
"Kwinageese","KwinageeseBasicAllYr","BR",1,"Basic",23,NA,NA,1.53528470842151,1.54022738885872,0.20245564789845,0.951314945259883,1.31825585928294,1.75076435449861,2.16309400382788,1.00068686429847,2300
"Kwinageese","KwinageeseBasicAllYrUP","BRu",3,"Basic",23,NA,NA,1.52238606869465,1.52725880775859,0.204969997455302,0.924519992917126,1.31940967594674,1.72945985884505,2.15450376283116,1.00166213331868,1700
"Lakelse","LakelseAR198","AR198",6,"AR1",17,NA,NA,1.12989086339748,1.13526213404198,0.337590074318339,0.386263845380375,0.874675500657197,1.37612527577869,1.89225232636015,1.00085093614369,2300
"Lakelse","LakelseAR1AllYr","AR1",4,"AR1",55,NA,NA,1.02835528194986,1.03252705764561,0.181543413054085,0.675448853947532,0.908964802096779,1.15493982031349,1.40299712841989,1.00183310556291,1200
"Lakelse","LakelseAR1AllYrUP","AR1u",5,"AR1",55,NA,NA,1.03775586218809,1.03778002573198,0.182477887550565,0.676126333153119,0.912268822875367,1.16140699620151,1.40805994661145,1.00068152997026,2300
"Lakelse","LakelseBasic98","BR98",3,"Basic",17,NA,NA,0.979732021865956,0.995593106168179,0.323854367083857,0.400506129065891,0.772100047269083,1.21420620821893,1.63866265366373,1.00059981785679,2300
"Lakelse","LakelseBasicAllYr","BR",1,"Basic",55,NA,NA,0.991193261852325,0.991839420765563,0.161268859742534,0.67551995491737,0.886857644595228,1.09783128812735,1.30308118305672,1.00109014995251,2300
"Lakelse","LakelseBasicAllYrUP","BRu",2,"Basic",55,NA,NA,1.00100714210799,0.998218071425362,0.164765756241616,0.672105554475083,0.889646896740672,1.10898162390825,1.3117001979525,1.00097806351635,2300
"Lakelse","LakelseKalman98","KF98",9,"Kalman",17,2,1999,0.450216640114965,0.440649870624855,0.754477342178759,-0.237981755360221,0.223938993405337,0.656846013011591,1.08433164779947,1.00254907738758,900
"Lakelse","LakelseKalman98","KF98",9,"Kalman",17,14,2011,2.60604949163979,2.6094971779015,0.288103920168006,1.13498734450579,2.11151982158087,3.10942852742961,4.12167312800513,1.00578495680786,790
"Lakelse","LakelseKalmanAllYr","KF",7,"Kalman",55,9,1968,-0.106344510702317,-0.0899905631873684,-3.92490947723799,-0.757723918182446,-0.323165887445428,0.134847994702707,0.657698669489561,1.00120264996437,4400
"Lakelse","LakelseKalmanAllYr","KF",7,"Kalman",55,1,1960,2.48007181841062,2.45531082645973,0.138060837173508,1.72945435579764,2.24632380668338,2.68442247592524,3.07105916385951,1.0009329463933,7200
"Lakelse","LakelseKalmanAllYrUP","KFu",8,"Kalman",55,9,1968,-0.119593418693331,-0.0981440964579738,-3.60784925683323,-0.761915444107585,-0.334975057833863,0.127050468751549,0.637668053709467,1.0008965454341,7200
"Lakelse","LakelseKalmanAllYrUP","KFu",8,"Kalman",55,1,1960,2.47174112666371,2.44902261637389,0.138388935293281,1.72825069799742,2.24304732021849,2.67788846059545,3.06114668949614,1.0008654313818,7200
"Lower Nass Sea & River Type","LNassSRTAR197","AR197",4,"AR1",19,NA,NA,1.38601312241589,1.39713019721062,0.269157814556956,0.697144244703216,1.14808114314878,1.63978349319659,2.15111036548077,1.00079161958763,2300
"Lower Nass Sea & River Type","LNassSRTAR1AllYr","AR1",3,"AR1",34,NA,NA,1.19743320312325,1.20279861904112,0.237249175815138,0.641544079899569,1.0139773018136,1.3868242867111,1.76801762375436,1.0014705729038,1700
"Lower Nass Sea & River Type","LNassSRTBasic97","BR97",2,"Basic",19,NA,NA,1.39099721145654,1.40825757717893,0.218768475443331,0.806778880904109,1.20198987787219,1.6003359933148,2.05288797144276,1.00130643490269,2300
"Lower Nass Sea & River Type","LNassSRTBasicAllYr","BR",1,"Basic",34,NA,NA,1.20629285041624,1.2179178080338,0.208777798490547,0.726150852893025,1.04837668156943,1.38549697794195,1.75025042172105,1.0006249113553,2300
"Lower Nass Sea & River Type","LNassSRTKalman97","KF97",6,"Kalman",19,2,1998,0.338502828042518,0.255819527289098,3.69579516677408,-1.70611493262075,-0.389003910304621,1.02257855967765,1.76969748629964,1.00131161542564,3300
"Lower Nass Sea & River Type","LNassSRTKalman97","KF97",6,"Kalman",19,8,2004,1.87134553567074,1.87757342498389,0.255205755485513,1.00126307340877,1.53130861482701,2.21330574498153,2.80373983159278,1.00086262742532,7200
"Lower Nass Sea & River Type","LNassSRTKalmanAllYr","KF",5,"Kalman",34,3,1984,-0.0873478276146872,-0.070377384493698,-9.31590074303892,-1.26956305754446,-0.550072849099801,0.403064730632826,1.20943958249648,1.00136445840048,3000
"Lower Nass Sea & River Type","LNassSRTKalmanAllYr","KF",5,"Kalman",34,12,1993,2.34263104691152,2.36707270602798,0.340334482152867,0.962780349267293,1.73413234618189,2.97791946672703,3.83400440099208,1.00172715615018,1700
"Mcdonell","McdonellBasic98","BR98",2,"Basic",13,NA,NA,2.09746756041267,2.08702962055078,0.167468644765405,1.37188540293692,1.85986480343326,2.31221976399103,2.75655418536075,1.00293538948982,2300
"Mcdonell","McdonellBasicAllYr","BR",1,"Basic",42,NA,NA,1.65121697496821,1.64780683116535,0.100190374306833,1.31638595237464,1.53788557289894,1.759329393949,1.95609591294122,1.00553499246018,570
"Mcdonell","McdonellBasicAllYrUP","BRu",3,"Basic",42,NA,NA,1.6422170614076,1.64589197115872,0.0995248952721083,1.32678550943843,1.53937310805943,1.75155570197719,1.97530537746629,1.00349602933449,510
"Meziadin","MeziadinAR197","AR197",6,"AR1",17,NA,NA,1.67411690934269,1.71461740166158,0.183188094479504,1.20755234211497,1.49832305889517,1.87484190331628,2.44077671055226,1.0016620512886,2300
"Meziadin","MeziadinAR1AllYr","AR1",4,"AR1",32,NA,NA,1.83666794422434,1.85011243316504,0.117060589623778,1.46554954231226,1.69913273376534,1.98001034336219,2.30850917838465,1.00060847209947,2300
"Meziadin","MeziadinAR1AllYrUP","AR1u",5,"AR1",32,NA,NA,1.6961749803088,1.69069274555387,0.167997863161126,1.12965165183005,1.50744777460931,1.87836878244429,2.24312624451507,1.00104901571303,2300
"Meziadin","MeziadinBasic97","BR97",3,"Basic",17,NA,NA,1.79930939350186,1.86195905344148,0.191518618582068,1.33474504219828,1.61105025240927,2.0515048559221,2.74302864244291,1.00067074741651,2300
"Meziadin","MeziadinBasicAllYr","BR",1,"Basic",32,NA,NA,1.84352612561205,1.86432898082658,0.106351431770598,1.5297429127241,1.72384099217927,1.98376311428306,2.3076776566531,1.0012170893487,2300
"Meziadin","MeziadinBasicAllYrUP","BRu",2,"Basic",32,NA,NA,1.70043691157099,1.69786578955507,0.168981681684432,1.13600562426962,1.49942361252752,1.88909012129537,2.23832233927437,1.00060738554163,2300
"Meziadin","MeziadinKalman97","KF97",9,"Kalman",17,17,2013,0.720530499463538,0.760281309353417,0.397494075022402,0.279721657989507,0.542932873438951,0.938627536642742,1.4623892155339,1.00092939189452,7200
"Meziadin","MeziadinKalman97","KF97",9,"Kalman",17,2,1998,2.64336049817249,2.64903186509403,0.100175551857793,2.14250370086185,2.47696715467883,2.81165395420246,3.20016068817899,1.00115500111351,5100
"Meziadin","MeziadinKalmanAllYr","KF",7,"Kalman",32,32,2013,0.642640777919613,0.669537916587308,0.420647183629652,0.17569439779012,0.478321032577343,0.836476800085539,1.30129505359616,1.00205968658004,1300
"Meziadin","MeziadinKalmanAllYr","KF",7,"Kalman",32,7,1988,3.10070695083937,3.06543308404302,0.0879772205846433,2.44486927100598,2.90678558538985,3.25015444537712,3.51023406754149,1.00088764467693,7200
"Meziadin","MeziadinKalmanAllYrUP","KFu",8,"Kalman",32,32,2013,0.602755205134279,0.621241470282644,0.464796703511334,0.089759149185935,0.432733624328769,0.788334039323147,1.24644487041696,1.00110075711539,6200
"Meziadin","MeziadinKalmanAllYrUP","KFu",8,"Kalman",32,7,1988,3.08757980159761,3.05022585940719,0.0921997568657981,2.40032771697414,2.89720254481221,3.24357678049074,3.50006453083027,1.00098396598565,7200
"Morice","MoriceAR198","AR198",4,"AR1",16,NA,NA,1.70385481459905,1.69127373776131,0.169327897659672,1.11599701664814,1.50010062014302,1.88789100288819,2.22700095279014,1.00067609977271,2300
"Morice","MoriceAR1AllYr","AR1",3,"AR1",54,NA,NA,1.74472226102631,1.74323425092564,0.118647370351371,1.32819219540973,1.59854940040353,1.88115958682089,2.13429287831845,1.0014539662358,1700
"Morice","MoriceBasic98","BR98",2,"Basic",16,NA,NA,1.82303565613458,1.82391737497368,0.123545529154574,1.37880711951583,1.67238225267899,1.97327532128724,2.2585478605352,1.00056946804411,2300
"Morice","MoriceBasicAllYr","BR",1,"Basic",54,NA,NA,1.73213671767507,1.73344817548655,0.116438919165285,1.3310759176919,1.59927894862926,1.8631101257425,2.13875641860217,1.00057455156114,2300
"Morice","MoriceKalman98","KF98",6,"Kalman",16,9,2006,1.12712204239197,1.13555141046408,0.517911063476977,0.0989461739295553,0.650102979086697,1.64051909681485,2.12802885347719,1.00111738357322,5800
"Morice","MoriceKalman98","KF98",6,"Kalman",16,5,2002,2.11342793365245,2.10149947602989,0.153126831328255,1.46060879655057,1.87117726554763,2.34919243287733,2.66155521587847,1.00087089959201,7200
"Morice","MoriceKalmanAllYr","KF",5,"Kalman",54,11,1970,-1.08276561992367,-1.03718451091866,-0.276681308073937,-1.48912951879358,-1.23539049306014,-0.877792714199119,-0.366929513365662,1.0018926888307,1500
"Morice","MoriceKalmanAllYr","KF",5,"Kalman",54,32,1991,3.77993648399304,3.77951055218862,0.127246831362128,2.83178543945632,3.45986646564661,4.10326949664317,4.70825247780104,1.00133174764718,3200
"Motase","MotaseBasic98","BR98",2,"Basic",11,NA,NA,1.19369442127234,1.17989231432803,0.323663892006729,0.358736235602645,0.955067119516751,1.42108484894817,1.90591600452574,1.00061766197417,2300
"Motase","MotaseBasicAllYr","BR",1,"Basic",16,NA,NA,1.57553469411382,1.57138511578996,0.194775196968065,0.940847689140195,1.38096397746714,1.76736728949721,2.17005316814364,1.00190095381621,2300
"Pinkut","PinkutAR1AllYr","AR1",2,"AR1",45,NA,NA,1.46520929403379,1.49973122716606,0.200955507885761,1.00946209452628,1.28354632397605,1.68422622233944,2.16706522282871,1.00083231237285,2300
"Pinkut","PinkutBasicAllYr","BR",1,"Basic",45,NA,NA,1.41068095087003,1.45091511481416,0.185122332234751,0.990617881019509,1.26883165465779,1.60522010618753,2.0606813741217,1.00137762965184,1900
"Pinkut","PinkutKalmanAllYr","KF",3,"Kalman",45,44,2013,0.886640978660365,0.891671834091222,0.478566214831449,0.0494688066106412,0.608200314593481,1.17187555058255,1.72884174204079,1.001794660732,1900
"Pinkut","PinkutKalmanAllYr","KF",3,"Kalman",45,11,1980,2.01362123374179,2.04990407891633,0.209306317122929,1.29996272115735,1.75173286008475,2.3258829093081,2.97201082849259,1.00091150551102,2300
"Slamgeesh","SlamgeeshBasic98","BR98",1,"Basic",14,NA,NA,1.35570597924234,1.35483525755768,0.264222343710486,0.643239787555427,1.13317246349681,1.59332466707386,2.04624708605735,1.00152807481166,1600
"Slamgeesh","SlamgeeshBasicAllYr","BR",1,"Basic",14,NA,NA,1.35570597924234,1.35483525755768,0.264222343710486,0.643239787555427,1.13317246349681,1.59332466707386,2.04624708605735,1.00152807481166,1600
"Slamgeesh","SlamgeeshBasicAllYrUP","BRu",2,"Basic",14,NA,NA,1.35570597924234,1.35483525755768,0.264222343710486,0.643239787555427,1.13317246349681,1.59332466707386,2.04624708605735,1.00152807481166,1600
"Sustut","SustutBasic00","BR00",2,"Basic",13,NA,NA,1.71425748397793,1.71734014210604,0.118340871584226,1.30112124332928,1.5944273934705,1.84288089819747,2.13886025509347,1.00167246432512,1400
"Sustut","SustutBasicAllYr","BR",1,"Basic",27,NA,NA,2.36569977293529,2.37049101765486,0.125794780336778,1.7921929062373,2.16078043690596,2.57136840068391,2.96284835343446,1.00087067053759,2300
"Sustut","SustutBasicAllYrUP","BRu",3,"Basic",27,NA,NA,2.37080813980448,2.37097740175787,0.125152896613797,1.79031745343768,2.17401155090216,2.57032731202082,2.95715196943519,1.00057496634223,2300
"Swan/Stephens","SwanStephensAR198","AR98",5,"AR1",17,NA,NA,0.900587160004343,0.916779551733578,0.405640680571992,0.228488206397944,0.660152220310743,1.16752499381324,1.66995223249093,1.00129050002843,2100
"Swan/Stephens","SwanStephensAR1AllYr","AR1",4,"AR1",36,NA,NA,1.0936897555536,1.10728883098755,0.207110174765224,0.690751180632065,0.954881706350318,1.25822783764412,1.57323889505272,1.00215675882446,950
"Swan/Stephens","SwanStephensAR1AllYrUP","AR1u",6,"AR1",36,NA,NA,0.749589121961604,0.759463053322913,0.373051308609516,0.235738655055024,0.563208434208133,0.94034851524482,1.35462872490687,1.00090799048023,2300
"Swan/Stephens","SwanStephensBasic98","BR98",2,"Basic",17,NA,NA,0.917881365733915,0.93245820787282,0.361325652962134,0.330417897054544,0.696719883510628,1.15075469157373,1.6243959078831,1.00226368281909,890
"Swan/Stephens","SwanStephensBasicAllYr","BR",1,"Basic",54,NA,NA,1.13912791707985,1.14655067974322,0.150268813184947,0.833790056665593,1.02614438311037,1.26134020810325,1.49940566454762,1.00064916257824,2300
"Swan/Stephens","SwanStephensBasicAllYrUP","BRu",3,"Basic",54,NA,NA,0.942582130138096,0.944520617105899,0.246927329580174,0.491767167492508,0.78574610960826,1.10465613290725,1.41825588462731,1.00114191217816,2300
"Swan/Stephens","SwanStephensKalman98","KF98",8,"Kalman",17,11,2008,0.878204261336441,0.872882431237935,0.513305513590006,-0.0841156293225141,0.588741986135415,1.17751513314333,1.73860553092115,1.00126727293421,3700
"Swan/Stephens","SwanStephensKalman98","KF98",8,"Kalman",17,1,1998,1.35305711844816,1.39649274168096,0.418671972018702,0.393854220470796,0.979790894547459,1.77069086982976,2.6285685199182,1.00089564197625,7200
"Swan/Stephens","SwanStephensKalmanAllYr","KF",7,"Kalman",36,30,2008,0.331180412734369,0.306767878325906,1.11518281339671,-0.439603835944839,0.0972507571943431,0.54629163876669,0.912322466888944,1.00236900653244,1000
"Swan/Stephens","SwanStephensKalmanAllYr","KF",7,"Kalman",36,9,1987,2.02215296981632,2.07949007073213,0.232659594916547,1.3063167598452,1.7375448805741,2.35408344603685,3.18065587302765,1.0009214214074,7200
"Swan/Stephens","SwanStephensKalmanAllYrUP","KFu",9,"Kalman",36,30,2008,0.30460060904457,0.283181344837594,1.17732095936609,-0.437912828746708,0.0803053653905043,0.505822649937817,0.877337860129999,1.00102058374916,7200
"Swan/Stephens","SwanStephensKalmanAllYrUP","KFu",9,"Kalman",36,5,1983,1.81778102613885,1.81462666517837,0.26640770865618,0.855923451393717,1.49152969209321,2.13429264231645,2.7785608544632,1.00086503515344,7200
